{
  "rmse": 7.9110040962706005,
  "mae": 6.350739417989395,
  "r2": 0.6993864386132203
}