2026-04-25 01:14:04,808 - airpollution.multi_city_data - INFO - ✓ Loaded configuration from configs/base.yaml
2026-04-25 01:14:04,809 - airpollution.cities - INFO - ✓ Loaded city config: delhi (National Capital Territory of Delhi)
2026-04-25 01:14:04,809 - airpollution.cities - INFO - ✓ Loaded city config: mumbai (Mumbai (Bombay))
2026-04-25 01:14:04,809 - airpollution.cities - INFO - ✓ Loaded city config: bangalore (Bangalore (Bengaluru))
2026-04-25 01:14:04,809 - airpollution.cities - INFO - ✓ Loaded city config: kolkata (Kolkata (Calcutta))
2026-04-25 01:14:04,809 - airpollution.cities - INFO - ✓ Loaded city config: hyderabad (Hyderabad)
2026-04-25 01:14:04,809 - airpollution.multi_city_data - INFO - ✓ Initialized MultiCityDataLoader with CSV: data/processed/unified_dataset.csv
2026-04-25 01:14:04,809 - __main__ - INFO - ✓ Initialized TrainingOrchestrator
2026-04-25 01:14:04,809 - __main__ - INFO -   Config: configs/base.yaml
2026-04-25 01:14:04,809 - __main__ - INFO -   Model output: artifacts/models
2026-04-25 01:14:04,809 - __main__ - INFO - 
============================================================
2026-04-25 01:14:04,809 - __main__ - INFO - 📊 STARTING TRAINING PIPELINE
2026-04-25 01:14:04,809 - __main__ - INFO - ============================================================
2026-04-25 01:14:04,809 - __main__ - INFO - Scenarios to train: 7
2026-04-25 01:14:04,809 - __main__ - INFO - Models to train per scenario: 5
2026-04-25 01:14:04,809 - __main__ - INFO - 
============================================================
2026-04-25 01:14:04,809 - __main__ - INFO - 🎯 TRAINING SCENARIO: delhi_standalone
2026-04-25 01:14:04,809 - __main__ - INFO - ============================================================
2026-04-25 01:14:04,809 - airpollution.multi_city_data - INFO - 🎯 Splitting data for scenario: delhi_standalone
2026-04-25 01:14:04,809 - airpollution.multi_city_data - INFO -    Description: Train and test on Delhi only (baseline robustness: 1.0)
2026-04-25 01:14:04,809 - airpollution.multi_city_data - INFO -    Loading training cities: ['delhi']
2026-04-25 01:14:04,809 - airpollution.multi_city_data - INFO - Loading raw data from data/processed/unified_dataset.csv...
2026-04-25 01:14:04,820 - airpollution.multi_city_data - INFO - ✓ Loaded 20 rows with 9 columns
2026-04-25 01:14:04,832 - airpollution.multi_city_data - INFO - ✓ Filtered 2 rows for delhi (10.0% of total)
2026-04-25 01:14:04,845 - airpollution.multi_city_data - INFO - ✓ Preprocessed: 2 → 2 rows (100.0% retained)
2026-04-25 01:14:04,846 - airpollution.multi_city_data - INFO -    ✓ Combined training data: 2 rows
2026-04-25 01:14:04,846 - airpollution.multi_city_data - INFO -    Loading test cities: ['delhi']
2026-04-25 01:14:04,847 - airpollution.multi_city_data - INFO - ✓ Filtered 2 rows for delhi (10.0% of total)
2026-04-25 01:14:04,848 - airpollution.multi_city_data - INFO - ✓ Preprocessed: 2 → 2 rows (100.0% retained)
2026-04-25 01:14:04,848 - airpollution.multi_city_data - INFO -    ✓ Combined test data: 2 rows
2026-04-25 01:14:04,848 - airpollution.multi_city_data - INFO -    Using temporal split (80/20)
2026-04-25 01:14:04,848 - airpollution.multi_city_data - WARNING -    ⚠ No timestamp column; using day_of_year for temporal sort
2026-04-25 01:14:04,849 - airpollution.multi_city_data - INFO - ✓ Scenario 'delhi_standalone' split complete:
    Train: 1 samples
    Test:  1 samples
2026-04-25 01:14:04,849 - __main__ - INFO - 
  🤖 Training: linear_regression
2026-04-25 01:14:04,849 - airpollution.models.factory - INFO - Creating linear_regression with hyperparams: {}
2026-04-25 01:14:04,850 - airpollution.models.factory - INFO - Fitting LinearRegression with 1 samples, 8 features
2026-04-25 01:14:04,853 - airpollution.models.factory - INFO - ✓ LinearRegression fitted. R² (train): nan
2026-04-25 01:14:04,854 - airpollution.models.factory - INFO - ✓ LinearRegression saved to artifacts/models/delhi_standalone/linear_regression/model.joblib
2026-04-25 01:14:04,854 - __main__ - INFO -     ✓ Saved to artifacts/models/delhi_standalone/linear_regression/model.joblib
2026-04-25 01:14:04,858 - __main__ - INFO -     ✓ Feature importance saved
2026-04-25 01:14:04,858 - __main__ - INFO - 
  🤖 Training: random_forest
2026-04-25 01:14:04,858 - airpollution.models.factory - INFO - Creating random_forest with hyperparams: {'n_estimators': 100, 'max_depth': 15, 'random_state': 42, 'n_jobs': -1}
2026-04-25 01:14:04,858 - airpollution.models.factory - ERROR - Invalid hyperparameters for random_forest: RandomForestRegressor.__init__() got an unexpected keyword argument 'n_jobs'
2026-04-25 01:14:04,858 - __main__ - ERROR -     ✗ Training failed for random_forest: RandomForestRegressor.__init__() got an unexpected keyword argument 'n_jobs'
2026-04-25 01:14:04,858 - __main__ - INFO - 
  🤖 Training: xgboost
2026-04-25 01:14:04,858 - airpollution.models.factory - INFO - Creating xgboost with hyperparams: {'n_estimators': 200, 'max_depth': 7, 'learning_rate': 0.1, 'random_state': 42, 'n_jobs': -1}
2026-04-25 01:14:04,858 - airpollution.models.factory - ERROR - Invalid hyperparameters for xgboost: XGBoostRegressor.__init__() got an unexpected keyword argument 'n_jobs'
2026-04-25 01:14:04,858 - __main__ - ERROR -     ✗ Training failed for xgboost: XGBoostRegressor.__init__() got an unexpected keyword argument 'n_jobs'
2026-04-25 01:14:04,858 - __main__ - INFO - 
  🤖 Training: lightgbm
2026-04-25 01:14:04,859 - airpollution.models.factory - INFO - Creating lightgbm with hyperparams: {'n_estimators': 200, 'max_depth': 7, 'learning_rate': 0.1, 'random_state': 42, 'num_leaves': 31}
2026-04-25 01:14:04,859 - airpollution.models.factory - INFO - Fitting LightGBM (n_estimators=200, num_leaves=31) with 1 samples
2026-04-25 01:14:04,876 - airpollution.models.factory - INFO - ✓ LightGBM fitted. R² (train): nan
2026-04-25 01:14:04,876 - airpollution.models.factory - INFO - ✓ LightGBM saved to artifacts/models/delhi_standalone/lightgbm/model.joblib
2026-04-25 01:14:04,876 - __main__ - INFO -     ✓ Saved to artifacts/models/delhi_standalone/lightgbm/model.joblib
2026-04-25 01:14:04,877 - __main__ - INFO -     ✓ Feature importance saved
2026-04-25 01:14:04,877 - __main__ - INFO - 
  🤖 Training: neural_network
2026-04-25 01:14:04,877 - airpollution.models.factory - INFO - Creating neural_network with hyperparams: {'hidden_layers': [64, 32], 'dropout_rate': 0.3, 'epochs': 50, 'batch_size': 32, 'validation_split': 0.2, 'random_state': 42}
2026-04-25 01:14:04,877 - airpollution.models.factory - INFO - Fitting Neural Network (2 hidden layers) with 1 samples, 8 features
2026-04-25 01:14:04,918 - airpollution.models.factory - ERROR - ✗ Neural Network fit failed: Training data contains 1 samples, which is not sufficient to split it into a validation and training set as specified by `validation_split=0.2`. Either provide more data, or a different value for the `validation_split` argument.
2026-04-25 01:14:04,918 - __main__ - ERROR -     ✗ Training failed for neural_network: Training data contains 1 samples, which is not sufficient to split it into a validation and training set as specified by `validation_split=0.2`. Either provide more data, or a different value for the `validation_split` argument.
2026-04-25 01:14:04,918 - __main__ - INFO - 
✓ Scenario complete: 2 models trained
2026-04-25 01:14:04,918 - __main__ - INFO - 
============================================================
2026-04-25 01:14:04,918 - __main__ - INFO - 🎯 TRAINING SCENARIO: mumbai_standalone
2026-04-25 01:14:04,918 - __main__ - INFO - ============================================================
2026-04-25 01:14:04,918 - airpollution.multi_city_data - INFO - 🎯 Splitting data for scenario: mumbai_standalone
2026-04-25 01:14:04,918 - airpollution.multi_city_data - INFO -    Description: Train and test on Mumbai only
2026-04-25 01:14:04,918 - airpollution.multi_city_data - INFO -    Loading training cities: ['mumbai']
2026-04-25 01:14:04,919 - airpollution.multi_city_data - INFO - ✓ Filtered 1 rows for mumbai (5.0% of total)
2026-04-25 01:14:04,919 - airpollution.multi_city_data - INFO - ✓ Preprocessed: 1 → 1 rows (100.0% retained)
2026-04-25 01:14:04,920 - airpollution.multi_city_data - INFO -    ✓ Combined training data: 1 rows
2026-04-25 01:14:04,920 - airpollution.multi_city_data - INFO -    Loading test cities: ['mumbai']
2026-04-25 01:14:04,920 - airpollution.multi_city_data - INFO - ✓ Filtered 1 rows for mumbai (5.0% of total)
2026-04-25 01:14:04,920 - airpollution.multi_city_data - INFO - ✓ Preprocessed: 1 → 1 rows (100.0% retained)
2026-04-25 01:14:04,920 - airpollution.multi_city_data - INFO -    ✓ Combined test data: 1 rows
2026-04-25 01:14:04,920 - airpollution.multi_city_data - INFO -    Using temporal split (80/20)
2026-04-25 01:14:04,920 - airpollution.multi_city_data - WARNING -    ⚠ No timestamp column; using day_of_year for temporal sort
2026-04-25 01:14:04,921 - airpollution.multi_city_data - INFO - ✓ Scenario 'mumbai_standalone' split complete:
    Train: 0 samples
    Test:  1 samples
2026-04-25 01:14:04,921 - __main__ - INFO - 
  🤖 Training: linear_regression
2026-04-25 01:14:04,921 - airpollution.models.factory - INFO - Creating linear_regression with hyperparams: {}
2026-04-25 01:14:04,921 - __main__ - ERROR -     ✗ Training failed for linear_regression: Cannot fit with empty data
2026-04-25 01:14:04,921 - __main__ - INFO - 
  🤖 Training: random_forest
2026-04-25 01:14:04,921 - airpollution.models.factory - INFO - Creating random_forest with hyperparams: {'n_estimators': 100, 'max_depth': 15, 'random_state': 42, 'n_jobs': -1}
2026-04-25 01:14:04,921 - airpollution.models.factory - ERROR - Invalid hyperparameters for random_forest: RandomForestRegressor.__init__() got an unexpected keyword argument 'n_jobs'
2026-04-25 01:14:04,921 - __main__ - ERROR -     ✗ Training failed for random_forest: RandomForestRegressor.__init__() got an unexpected keyword argument 'n_jobs'
2026-04-25 01:14:04,921 - __main__ - INFO - 
  🤖 Training: xgboost
2026-04-25 01:14:04,921 - airpollution.models.factory - INFO - Creating xgboost with hyperparams: {'n_estimators': 200, 'max_depth': 7, 'learning_rate': 0.1, 'random_state': 42, 'n_jobs': -1}
2026-04-25 01:14:04,921 - airpollution.models.factory - ERROR - Invalid hyperparameters for xgboost: XGBoostRegressor.__init__() got an unexpected keyword argument 'n_jobs'
2026-04-25 01:14:04,921 - __main__ - ERROR -     ✗ Training failed for xgboost: XGBoostRegressor.__init__() got an unexpected keyword argument 'n_jobs'
2026-04-25 01:14:04,921 - __main__ - INFO - 
  🤖 Training: lightgbm
2026-04-25 01:14:04,921 - airpollution.models.factory - INFO - Creating lightgbm with hyperparams: {'n_estimators': 200, 'max_depth': 7, 'learning_rate': 0.1, 'random_state': 42, 'num_leaves': 31}
2026-04-25 01:14:04,921 - __main__ - ERROR -     ✗ Training failed for lightgbm: Cannot fit with empty data
2026-04-25 01:14:04,921 - __main__ - INFO - 
  🤖 Training: neural_network
2026-04-25 01:14:04,921 - airpollution.models.factory - INFO - Creating neural_network with hyperparams: {'hidden_layers': [64, 32], 'dropout_rate': 0.3, 'epochs': 50, 'batch_size': 32, 'validation_split': 0.2, 'random_state': 42}
2026-04-25 01:14:04,921 - __main__ - ERROR -     ✗ Training failed for neural_network: Cannot fit with empty data
2026-04-25 01:14:04,921 - __main__ - ERROR - ✗ Scenario 'mumbai_standalone' failed: No models succeeded for scenario: mumbai_standalone
2026-04-25 01:14:04,921 - __main__ - INFO - 
============================================================
2026-04-25 01:14:04,921 - __main__ - INFO - 🎯 TRAINING SCENARIO: delhi_to_mumbai
2026-04-25 01:14:04,921 - __main__ - INFO - ============================================================
2026-04-25 01:14:04,921 - airpollution.multi_city_data - INFO - 🎯 Splitting data for scenario: delhi_to_mumbai
2026-04-25 01:14:04,921 - airpollution.multi_city_data - INFO -    Description: Train on Delhi, test on completely unseen Mumbai (robustness test)
2026-04-25 01:14:04,921 - airpollution.multi_city_data - INFO -    Loading training cities: ['delhi']
2026-04-25 01:14:04,921 - airpollution.multi_city_data - INFO - ✓ Filtered 2 rows for delhi (10.0% of total)
2026-04-25 01:14:04,922 - airpollution.multi_city_data - INFO - ✓ Preprocessed: 2 → 2 rows (100.0% retained)
2026-04-25 01:14:04,922 - airpollution.multi_city_data - INFO -    ✓ Combined training data: 2 rows
2026-04-25 01:14:04,922 - airpollution.multi_city_data - INFO -    Loading test cities: ['mumbai']
2026-04-25 01:14:04,922 - airpollution.multi_city_data - INFO - ✓ Filtered 1 rows for mumbai (5.0% of total)
2026-04-25 01:14:04,922 - airpollution.multi_city_data - INFO - ✓ Preprocessed: 1 → 1 rows (100.0% retained)
2026-04-25 01:14:04,922 - airpollution.multi_city_data - INFO -    ✓ Combined test data: 1 rows
2026-04-25 01:14:04,922 - airpollution.multi_city_data - INFO -    Using city-boundary split (all test cities are test set)
2026-04-25 01:14:04,923 - airpollution.multi_city_data - INFO - ✓ Scenario 'delhi_to_mumbai' split complete:
    Train: 2 samples
    Test:  1 samples
2026-04-25 01:14:04,923 - __main__ - INFO - 
  🤖 Training: linear_regression
2026-04-25 01:14:04,923 - airpollution.models.factory - INFO - Creating linear_regression with hyperparams: {}
2026-04-25 01:14:04,923 - airpollution.models.factory - INFO - Fitting LinearRegression with 2 samples, 8 features
2026-04-25 01:14:04,924 - airpollution.models.factory - INFO - ✓ LinearRegression fitted. R² (train): 1.0000
2026-04-25 01:14:04,925 - airpollution.models.factory - INFO - ✓ LinearRegression saved to artifacts/models/delhi_to_mumbai/linear_regression/model.joblib
2026-04-25 01:14:04,925 - __main__ - INFO -     ✓ Saved to artifacts/models/delhi_to_mumbai/linear_regression/model.joblib
2026-04-25 01:14:04,926 - __main__ - INFO -     ✓ Feature importance saved
2026-04-25 01:14:04,926 - __main__ - INFO - 
  🤖 Training: random_forest
2026-04-25 01:14:04,926 - airpollution.models.factory - INFO - Creating random_forest with hyperparams: {'n_estimators': 100, 'max_depth': 15, 'random_state': 42, 'n_jobs': -1}
2026-04-25 01:14:04,926 - airpollution.models.factory - ERROR - Invalid hyperparameters for random_forest: RandomForestRegressor.__init__() got an unexpected keyword argument 'n_jobs'
2026-04-25 01:14:04,926 - __main__ - ERROR -     ✗ Training failed for random_forest: RandomForestRegressor.__init__() got an unexpected keyword argument 'n_jobs'
2026-04-25 01:14:04,926 - __main__ - INFO - 
  🤖 Training: xgboost
2026-04-25 01:14:04,926 - airpollution.models.factory - INFO - Creating xgboost with hyperparams: {'n_estimators': 200, 'max_depth': 7, 'learning_rate': 0.1, 'random_state': 42, 'n_jobs': -1}
2026-04-25 01:14:04,926 - airpollution.models.factory - ERROR - Invalid hyperparameters for xgboost: XGBoostRegressor.__init__() got an unexpected keyword argument 'n_jobs'
2026-04-25 01:14:04,926 - __main__ - ERROR -     ✗ Training failed for xgboost: XGBoostRegressor.__init__() got an unexpected keyword argument 'n_jobs'
2026-04-25 01:14:04,926 - __main__ - INFO - 
  🤖 Training: lightgbm
2026-04-25 01:14:04,926 - airpollution.models.factory - INFO - Creating lightgbm with hyperparams: {'n_estimators': 200, 'max_depth': 7, 'learning_rate': 0.1, 'random_state': 42, 'num_leaves': 31}
2026-04-25 01:14:04,926 - airpollution.models.factory - INFO - Fitting LightGBM (n_estimators=200, num_leaves=31) with 2 samples
2026-04-25 01:14:04,932 - airpollution.models.factory - INFO - ✓ LightGBM fitted. R² (train): 0.0000
2026-04-25 01:14:04,933 - airpollution.models.factory - INFO - ✓ LightGBM saved to artifacts/models/delhi_to_mumbai/lightgbm/model.joblib
2026-04-25 01:14:04,933 - __main__ - INFO -     ✓ Saved to artifacts/models/delhi_to_mumbai/lightgbm/model.joblib
2026-04-25 01:14:04,933 - __main__ - INFO -     ✓ Feature importance saved
2026-04-25 01:14:04,933 - __main__ - INFO - 
  🤖 Training: neural_network
2026-04-25 01:14:04,933 - airpollution.models.factory - INFO - Creating neural_network with hyperparams: {'hidden_layers': [64, 32], 'dropout_rate': 0.3, 'epochs': 50, 'batch_size': 32, 'validation_split': 0.2, 'random_state': 42}
2026-04-25 01:14:04,933 - airpollution.models.factory - INFO - Fitting Neural Network (2 hidden layers) with 2 samples, 8 features
2026-04-25 01:14:06,460 - airpollution.models.factory - INFO - ✓ Neural Network fitted. Final training loss: 9113.1289
2026-04-25 01:14:06,460 - absl - WARNING - You are saving your model as an HDF5 file via `model.save()` or `keras.saving.save_model(model)`. This file format is considered legacy. We recommend using instead the native Keras format, e.g. `model.save('my_model.keras')` or `keras.saving.save_model(model, 'my_model.keras')`. 
2026-04-25 01:14:06,476 - airpollution.models.factory - INFO - ✓ Neural Network saved to artifacts/models/delhi_to_mumbai/neural_network/model.h5 and metadata to artifacts/models/delhi_to_mumbai/neural_network/model.joblib
2026-04-25 01:14:06,476 - __main__ - INFO -     ✓ Saved to artifacts/models/delhi_to_mumbai/neural_network/model.joblib
2026-04-25 01:14:06,476 - airpollution.models.factory - WARNING - Neural Network feature importance computed via gradient-based approximation
2026-04-25 01:14:06,494 - __main__ - INFO -     ✓ Feature importance saved
2026-04-25 01:14:06,494 - __main__ - INFO - 
✓ Scenario complete: 3 models trained
2026-04-25 01:14:06,494 - __main__ - INFO - 
============================================================
2026-04-25 01:14:06,494 - __main__ - INFO - 🎯 TRAINING SCENARIO: mumbai_to_delhi
2026-04-25 01:14:06,494 - __main__ - INFO - ============================================================
2026-04-25 01:14:06,494 - airpollution.multi_city_data - INFO - 🎯 Splitting data for scenario: mumbai_to_delhi
2026-04-25 01:14:06,494 - airpollution.multi_city_data - INFO -    Description: Train on Mumbai, test on completely unseen Delhi
2026-04-25 01:14:06,495 - airpollution.multi_city_data - INFO -    Loading training cities: ['mumbai']
2026-04-25 01:14:06,495 - airpollution.multi_city_data - INFO - ✓ Filtered 1 rows for mumbai (5.0% of total)
2026-04-25 01:14:06,496 - airpollution.multi_city_data - INFO - ✓ Preprocessed: 1 → 1 rows (100.0% retained)
2026-04-25 01:14:06,496 - airpollution.multi_city_data - INFO -    ✓ Combined training data: 1 rows
2026-04-25 01:14:06,496 - airpollution.multi_city_data - INFO -    Loading test cities: ['delhi']
2026-04-25 01:14:06,496 - airpollution.multi_city_data - INFO - ✓ Filtered 2 rows for delhi (10.0% of total)
2026-04-25 01:14:06,497 - airpollution.multi_city_data - INFO - ✓ Preprocessed: 2 → 2 rows (100.0% retained)
2026-04-25 01:14:06,497 - airpollution.multi_city_data - INFO -    ✓ Combined test data: 2 rows
2026-04-25 01:14:06,497 - airpollution.multi_city_data - INFO -    Using city-boundary split (all test cities are test set)
2026-04-25 01:14:06,497 - airpollution.multi_city_data - INFO - ✓ Scenario 'mumbai_to_delhi' split complete:
    Train: 1 samples
    Test:  2 samples
2026-04-25 01:14:06,497 - __main__ - INFO - 
  🤖 Training: linear_regression
2026-04-25 01:14:06,497 - airpollution.models.factory - INFO - Creating linear_regression with hyperparams: {}
2026-04-25 01:14:06,497 - airpollution.models.factory - INFO - Fitting LinearRegression with 1 samples, 8 features
2026-04-25 01:14:06,498 - airpollution.models.factory - INFO - ✓ LinearRegression fitted. R² (train): nan
2026-04-25 01:14:06,499 - airpollution.models.factory - INFO - ✓ LinearRegression saved to artifacts/models/mumbai_to_delhi/linear_regression/model.joblib
2026-04-25 01:14:06,499 - __main__ - INFO -     ✓ Saved to artifacts/models/mumbai_to_delhi/linear_regression/model.joblib
2026-04-25 01:14:06,499 - __main__ - INFO -     ✓ Feature importance saved
2026-04-25 01:14:06,499 - __main__ - INFO - 
  🤖 Training: random_forest
2026-04-25 01:14:06,499 - airpollution.models.factory - INFO - Creating random_forest with hyperparams: {'n_estimators': 100, 'max_depth': 15, 'random_state': 42, 'n_jobs': -1}
2026-04-25 01:14:06,499 - airpollution.models.factory - ERROR - Invalid hyperparameters for random_forest: RandomForestRegressor.__init__() got an unexpected keyword argument 'n_jobs'
2026-04-25 01:14:06,499 - __main__ - ERROR -     ✗ Training failed for random_forest: RandomForestRegressor.__init__() got an unexpected keyword argument 'n_jobs'
2026-04-25 01:14:06,499 - __main__ - INFO - 
  🤖 Training: xgboost
2026-04-25 01:14:06,499 - airpollution.models.factory - INFO - Creating xgboost with hyperparams: {'n_estimators': 200, 'max_depth': 7, 'learning_rate': 0.1, 'random_state': 42, 'n_jobs': -1}
2026-04-25 01:14:06,499 - airpollution.models.factory - ERROR - Invalid hyperparameters for xgboost: XGBoostRegressor.__init__() got an unexpected keyword argument 'n_jobs'
2026-04-25 01:14:06,499 - __main__ - ERROR -     ✗ Training failed for xgboost: XGBoostRegressor.__init__() got an unexpected keyword argument 'n_jobs'
2026-04-25 01:14:06,499 - __main__ - INFO - 
  🤖 Training: lightgbm
2026-04-25 01:14:06,499 - airpollution.models.factory - INFO - Creating lightgbm with hyperparams: {'n_estimators': 200, 'max_depth': 7, 'learning_rate': 0.1, 'random_state': 42, 'num_leaves': 31}
2026-04-25 01:14:06,499 - airpollution.models.factory - INFO - Fitting LightGBM (n_estimators=200, num_leaves=31) with 1 samples
2026-04-25 01:14:06,506 - airpollution.models.factory - INFO - ✓ LightGBM fitted. R² (train): nan
2026-04-25 01:14:06,507 - airpollution.models.factory - INFO - ✓ LightGBM saved to artifacts/models/mumbai_to_delhi/lightgbm/model.joblib
2026-04-25 01:14:06,507 - __main__ - INFO -     ✓ Saved to artifacts/models/mumbai_to_delhi/lightgbm/model.joblib
2026-04-25 01:14:06,507 - __main__ - INFO -     ✓ Feature importance saved
2026-04-25 01:14:06,507 - __main__ - INFO - 
  🤖 Training: neural_network
2026-04-25 01:14:06,507 - airpollution.models.factory - INFO - Creating neural_network with hyperparams: {'hidden_layers': [64, 32], 'dropout_rate': 0.3, 'epochs': 50, 'batch_size': 32, 'validation_split': 0.2, 'random_state': 42}
2026-04-25 01:14:06,507 - airpollution.models.factory - INFO - Fitting Neural Network (2 hidden layers) with 1 samples, 8 features
2026-04-25 01:14:06,523 - airpollution.models.factory - ERROR - ✗ Neural Network fit failed: Training data contains 1 samples, which is not sufficient to split it into a validation and training set as specified by `validation_split=0.2`. Either provide more data, or a different value for the `validation_split` argument.
2026-04-25 01:14:06,523 - __main__ - ERROR -     ✗ Training failed for neural_network: Training data contains 1 samples, which is not sufficient to split it into a validation and training set as specified by `validation_split=0.2`. Either provide more data, or a different value for the `validation_split` argument.
2026-04-25 01:14:06,523 - __main__ - INFO - 
✓ Scenario complete: 2 models trained
2026-04-25 01:14:06,523 - __main__ - INFO - 
============================================================
2026-04-25 01:14:06,523 - __main__ - INFO - 🎯 TRAINING SCENARIO: multi_city_to_mumbai
2026-04-25 01:14:06,523 - __main__ - INFO - ============================================================
2026-04-25 01:14:06,523 - airpollution.multi_city_data - INFO - 🎯 Splitting data for scenario: multi_city_to_mumbai
2026-04-25 01:14:06,523 - airpollution.multi_city_data - INFO -    Description: Train on Delhi+Bangalore+Hyderabad, test on isolated Mumbai
2026-04-25 01:14:06,523 - airpollution.multi_city_data - INFO -    Loading training cities: ['delhi', 'bangalore', 'hyderabad']
2026-04-25 01:14:06,524 - airpollution.multi_city_data - INFO - ✓ Filtered 2 rows for delhi (10.0% of total)
2026-04-25 01:14:06,524 - airpollution.multi_city_data - INFO - ✓ Preprocessed: 2 → 2 rows (100.0% retained)
2026-04-25 01:14:06,524 - airpollution.multi_city_data - INFO - ✓ Filtered 1 rows for bangalore (5.0% of total)
2026-04-25 01:14:06,525 - airpollution.multi_city_data - INFO - ✓ Preprocessed: 1 → 1 rows (100.0% retained)
2026-04-25 01:14:06,525 - airpollution.multi_city_data - INFO - ✓ Filtered 1 rows for hyderabad (5.0% of total)
2026-04-25 01:14:06,525 - airpollution.multi_city_data - INFO - ✓ Preprocessed: 1 → 1 rows (100.0% retained)
2026-04-25 01:14:06,526 - airpollution.multi_city_data - INFO -    ✓ Combined training data: 4 rows
2026-04-25 01:14:06,526 - airpollution.multi_city_data - INFO -    Loading test cities: ['mumbai']
2026-04-25 01:14:06,526 - airpollution.multi_city_data - INFO - ✓ Filtered 1 rows for mumbai (5.0% of total)
2026-04-25 01:14:06,526 - airpollution.multi_city_data - INFO - ✓ Preprocessed: 1 → 1 rows (100.0% retained)
2026-04-25 01:14:06,526 - airpollution.multi_city_data - INFO -    ✓ Combined test data: 1 rows
2026-04-25 01:14:06,526 - airpollution.multi_city_data - INFO -    Using city-boundary split (all test cities are test set)
2026-04-25 01:14:06,527 - airpollution.multi_city_data - INFO - ✓ Scenario 'multi_city_to_mumbai' split complete:
    Train: 4 samples
    Test:  1 samples
2026-04-25 01:14:06,527 - __main__ - INFO - 
  🤖 Training: linear_regression
2026-04-25 01:14:06,527 - airpollution.models.factory - INFO - Creating linear_regression with hyperparams: {}
2026-04-25 01:14:06,527 - airpollution.models.factory - INFO - Fitting LinearRegression with 4 samples, 8 features
2026-04-25 01:14:06,527 - airpollution.models.factory - INFO - ✓ LinearRegression fitted. R² (train): 1.0000
2026-04-25 01:14:06,528 - airpollution.models.factory - INFO - ✓ LinearRegression saved to artifacts/models/multi_city_to_mumbai/linear_regression/model.joblib
2026-04-25 01:14:06,528 - __main__ - INFO -     ✓ Saved to artifacts/models/multi_city_to_mumbai/linear_regression/model.joblib
2026-04-25 01:14:06,528 - __main__ - INFO -     ✓ Feature importance saved
2026-04-25 01:14:06,529 - __main__ - INFO - 
  🤖 Training: random_forest
2026-04-25 01:14:06,529 - airpollution.models.factory - INFO - Creating random_forest with hyperparams: {'n_estimators': 100, 'max_depth': 15, 'random_state': 42, 'n_jobs': -1}
2026-04-25 01:14:06,529 - airpollution.models.factory - ERROR - Invalid hyperparameters for random_forest: RandomForestRegressor.__init__() got an unexpected keyword argument 'n_jobs'
2026-04-25 01:14:06,529 - __main__ - ERROR -     ✗ Training failed for random_forest: RandomForestRegressor.__init__() got an unexpected keyword argument 'n_jobs'
2026-04-25 01:14:06,529 - __main__ - INFO - 
  🤖 Training: xgboost
2026-04-25 01:14:06,529 - airpollution.models.factory - INFO - Creating xgboost with hyperparams: {'n_estimators': 200, 'max_depth': 7, 'learning_rate': 0.1, 'random_state': 42, 'n_jobs': -1}
2026-04-25 01:14:06,529 - airpollution.models.factory - ERROR - Invalid hyperparameters for xgboost: XGBoostRegressor.__init__() got an unexpected keyword argument 'n_jobs'
2026-04-25 01:14:06,529 - __main__ - ERROR -     ✗ Training failed for xgboost: XGBoostRegressor.__init__() got an unexpected keyword argument 'n_jobs'
2026-04-25 01:14:06,529 - __main__ - INFO - 
  🤖 Training: lightgbm
2026-04-25 01:14:06,529 - airpollution.models.factory - INFO - Creating lightgbm with hyperparams: {'n_estimators': 200, 'max_depth': 7, 'learning_rate': 0.1, 'random_state': 42, 'num_leaves': 31}
2026-04-25 01:14:06,529 - airpollution.models.factory - INFO - Fitting LightGBM (n_estimators=200, num_leaves=31) with 4 samples
2026-04-25 01:14:06,535 - airpollution.models.factory - INFO - ✓ LightGBM fitted. R² (train): 0.0000
2026-04-25 01:14:06,535 - airpollution.models.factory - INFO - ✓ LightGBM saved to artifacts/models/multi_city_to_mumbai/lightgbm/model.joblib
2026-04-25 01:14:06,535 - __main__ - INFO -     ✓ Saved to artifacts/models/multi_city_to_mumbai/lightgbm/model.joblib
2026-04-25 01:14:06,536 - __main__ - INFO -     ✓ Feature importance saved
2026-04-25 01:14:06,536 - __main__ - INFO - 
  🤖 Training: neural_network
2026-04-25 01:14:06,536 - airpollution.models.factory - INFO - Creating neural_network with hyperparams: {'hidden_layers': [64, 32], 'dropout_rate': 0.3, 'epochs': 50, 'batch_size': 32, 'validation_split': 0.2, 'random_state': 42}
2026-04-25 01:14:06,536 - airpollution.models.factory - INFO - Fitting Neural Network (2 hidden layers) with 4 samples, 8 features
2026-04-25 01:14:08,045 - airpollution.models.factory - INFO - ✓ Neural Network fitted. Final training loss: 8364.8682
2026-04-25 01:14:08,045 - absl - WARNING - You are saving your model as an HDF5 file via `model.save()` or `keras.saving.save_model(model)`. This file format is considered legacy. We recommend using instead the native Keras format, e.g. `model.save('my_model.keras')` or `keras.saving.save_model(model, 'my_model.keras')`. 
2026-04-25 01:14:08,050 - airpollution.models.factory - INFO - ✓ Neural Network saved to artifacts/models/multi_city_to_mumbai/neural_network/model.h5 and metadata to artifacts/models/multi_city_to_mumbai/neural_network/model.joblib
2026-04-25 01:14:08,050 - __main__ - INFO -     ✓ Saved to artifacts/models/multi_city_to_mumbai/neural_network/model.joblib
2026-04-25 01:14:08,050 - airpollution.models.factory - WARNING - Neural Network feature importance computed via gradient-based approximation
2026-04-25 01:14:08,067 - __main__ - INFO -     ✓ Feature importance saved
2026-04-25 01:14:08,067 - __main__ - INFO - 
✓ Scenario complete: 3 models trained
2026-04-25 01:14:08,067 - __main__ - INFO - 
============================================================
2026-04-25 01:14:08,067 - __main__ - INFO - 🎯 TRAINING SCENARIO: all_except_bangalore_to_bangalore
2026-04-25 01:14:08,067 - __main__ - INFO - ============================================================
2026-04-25 01:14:08,067 - airpollution.multi_city_data - INFO - 🎯 Splitting data for scenario: all_except_bangalore_to_bangalore
2026-04-25 01:14:08,067 - airpollution.multi_city_data - INFO -    Description: Train on 4 cities, test on isolated Bangalore
2026-04-25 01:14:08,067 - airpollution.multi_city_data - INFO -    Loading training cities: ['delhi', 'mumbai', 'kolkata', 'hyderabad']
2026-04-25 01:14:08,067 - airpollution.multi_city_data - INFO - ✓ Filtered 2 rows for delhi (10.0% of total)
2026-04-25 01:14:08,068 - airpollution.multi_city_data - INFO - ✓ Preprocessed: 2 → 2 rows (100.0% retained)
2026-04-25 01:14:08,068 - airpollution.multi_city_data - INFO - ✓ Filtered 1 rows for mumbai (5.0% of total)
2026-04-25 01:14:08,069 - airpollution.multi_city_data - INFO - ✓ Preprocessed: 1 → 1 rows (100.0% retained)
2026-04-25 01:14:08,069 - airpollution.multi_city_data - INFO - ✓ Filtered 1 rows for kolkata (5.0% of total)
2026-04-25 01:14:08,069 - airpollution.multi_city_data - INFO - ✓ Preprocessed: 1 → 1 rows (100.0% retained)
2026-04-25 01:14:08,070 - airpollution.multi_city_data - INFO - ✓ Filtered 1 rows for hyderabad (5.0% of total)
2026-04-25 01:14:08,070 - airpollution.multi_city_data - INFO - ✓ Preprocessed: 1 → 1 rows (100.0% retained)
2026-04-25 01:14:08,070 - airpollution.multi_city_data - INFO -    ✓ Combined training data: 5 rows
2026-04-25 01:14:08,070 - airpollution.multi_city_data - INFO -    Loading test cities: ['bangalore']
2026-04-25 01:14:08,070 - airpollution.multi_city_data - INFO - ✓ Filtered 1 rows for bangalore (5.0% of total)
2026-04-25 01:14:08,071 - airpollution.multi_city_data - INFO - ✓ Preprocessed: 1 → 1 rows (100.0% retained)
2026-04-25 01:14:08,071 - airpollution.multi_city_data - INFO -    ✓ Combined test data: 1 rows
2026-04-25 01:14:08,071 - airpollution.multi_city_data - INFO -    Using city-boundary split (all test cities are test set)
2026-04-25 01:14:08,071 - airpollution.multi_city_data - INFO - ✓ Scenario 'all_except_bangalore_to_bangalore' split complete:
    Train: 5 samples
    Test:  1 samples
2026-04-25 01:14:08,071 - __main__ - INFO - 
  🤖 Training: linear_regression
2026-04-25 01:14:08,071 - airpollution.models.factory - INFO - Creating linear_regression with hyperparams: {}
2026-04-25 01:14:08,071 - airpollution.models.factory - INFO - Fitting LinearRegression with 5 samples, 8 features
2026-04-25 01:14:08,073 - airpollution.models.factory - INFO - ✓ LinearRegression fitted. R² (train): 1.0000
2026-04-25 01:14:08,073 - airpollution.models.factory - INFO - ✓ LinearRegression saved to artifacts/models/all_except_bangalore_to_bangalore/linear_regression/model.joblib
2026-04-25 01:14:08,073 - __main__ - INFO -     ✓ Saved to artifacts/models/all_except_bangalore_to_bangalore/linear_regression/model.joblib
2026-04-25 01:14:08,074 - __main__ - INFO -     ✓ Feature importance saved
2026-04-25 01:14:08,074 - __main__ - INFO - 
  🤖 Training: random_forest
2026-04-25 01:14:08,074 - airpollution.models.factory - INFO - Creating random_forest with hyperparams: {'n_estimators': 100, 'max_depth': 15, 'random_state': 42, 'n_jobs': -1}
2026-04-25 01:14:08,074 - airpollution.models.factory - ERROR - Invalid hyperparameters for random_forest: RandomForestRegressor.__init__() got an unexpected keyword argument 'n_jobs'
2026-04-25 01:14:08,074 - __main__ - ERROR -     ✗ Training failed for random_forest: RandomForestRegressor.__init__() got an unexpected keyword argument 'n_jobs'
2026-04-25 01:14:08,074 - __main__ - INFO - 
  🤖 Training: xgboost
2026-04-25 01:14:08,074 - airpollution.models.factory - INFO - Creating xgboost with hyperparams: {'n_estimators': 200, 'max_depth': 7, 'learning_rate': 0.1, 'random_state': 42, 'n_jobs': -1}
2026-04-25 01:14:08,074 - airpollution.models.factory - ERROR - Invalid hyperparameters for xgboost: XGBoostRegressor.__init__() got an unexpected keyword argument 'n_jobs'
2026-04-25 01:14:08,074 - __main__ - ERROR -     ✗ Training failed for xgboost: XGBoostRegressor.__init__() got an unexpected keyword argument 'n_jobs'
2026-04-25 01:14:08,074 - __main__ - INFO - 
  🤖 Training: lightgbm
2026-04-25 01:14:08,074 - airpollution.models.factory - INFO - Creating lightgbm with hyperparams: {'n_estimators': 200, 'max_depth': 7, 'learning_rate': 0.1, 'random_state': 42, 'num_leaves': 31}
2026-04-25 01:14:08,074 - airpollution.models.factory - INFO - Fitting LightGBM (n_estimators=200, num_leaves=31) with 5 samples
2026-04-25 01:14:08,083 - airpollution.models.factory - INFO - ✓ LightGBM fitted. R² (train): 0.0000
2026-04-25 01:14:08,083 - airpollution.models.factory - INFO - ✓ LightGBM saved to artifacts/models/all_except_bangalore_to_bangalore/lightgbm/model.joblib
2026-04-25 01:14:08,083 - __main__ - INFO -     ✓ Saved to artifacts/models/all_except_bangalore_to_bangalore/lightgbm/model.joblib
2026-04-25 01:14:08,084 - __main__ - INFO -     ✓ Feature importance saved
2026-04-25 01:14:08,084 - __main__ - INFO - 
  🤖 Training: neural_network
2026-04-25 01:14:08,084 - airpollution.models.factory - INFO - Creating neural_network with hyperparams: {'hidden_layers': [64, 32], 'dropout_rate': 0.3, 'epochs': 50, 'batch_size': 32, 'validation_split': 0.2, 'random_state': 42}
2026-04-25 01:14:08,084 - airpollution.models.factory - INFO - Fitting Neural Network (2 hidden layers) with 5 samples, 8 features
2026-04-25 01:14:09,586 - airpollution.models.factory - INFO - ✓ Neural Network fitted. Final training loss: 17288.5625
2026-04-25 01:14:09,587 - absl - WARNING - You are saving your model as an HDF5 file via `model.save()` or `keras.saving.save_model(model)`. This file format is considered legacy. We recommend using instead the native Keras format, e.g. `model.save('my_model.keras')` or `keras.saving.save_model(model, 'my_model.keras')`. 
2026-04-25 01:14:09,591 - airpollution.models.factory - INFO - ✓ Neural Network saved to artifacts/models/all_except_bangalore_to_bangalore/neural_network/model.h5 and metadata to artifacts/models/all_except_bangalore_to_bangalore/neural_network/model.joblib
2026-04-25 01:14:09,591 - __main__ - INFO -     ✓ Saved to artifacts/models/all_except_bangalore_to_bangalore/neural_network/model.joblib
2026-04-25 01:14:09,591 - airpollution.models.factory - WARNING - Neural Network feature importance computed via gradient-based approximation
2026-04-25 01:14:09,608 - __main__ - INFO -     ✓ Feature importance saved
2026-04-25 01:14:09,608 - __main__ - INFO - 
✓ Scenario complete: 3 models trained
2026-04-25 01:14:09,608 - __main__ - INFO - 
============================================================
2026-04-25 01:14:09,608 - __main__ - INFO - 🎯 TRAINING SCENARIO: full_multi_city_temporal
2026-04-25 01:14:09,608 - __main__ - INFO - ============================================================
2026-04-25 01:14:09,608 - airpollution.multi_city_data - INFO - 🎯 Splitting data for scenario: full_multi_city_temporal
2026-04-25 01:14:09,608 - airpollution.multi_city_data - INFO -    Description: Train on all 5 cities (80%), test on all 5 cities (20%) - temporal split
2026-04-25 01:14:09,608 - airpollution.multi_city_data - INFO -    Loading training cities: ['delhi', 'mumbai', 'bangalore', 'kolkata', 'hyderabad']
2026-04-25 01:14:09,609 - airpollution.multi_city_data - INFO - ✓ Filtered 2 rows for delhi (10.0% of total)
2026-04-25 01:14:09,609 - airpollution.multi_city_data - INFO - ✓ Preprocessed: 2 → 2 rows (100.0% retained)
2026-04-25 01:14:09,610 - airpollution.multi_city_data - INFO - ✓ Filtered 1 rows for mumbai (5.0% of total)
2026-04-25 01:14:09,610 - airpollution.multi_city_data - INFO - ✓ Preprocessed: 1 → 1 rows (100.0% retained)
2026-04-25 01:14:09,610 - airpollution.multi_city_data - INFO - ✓ Filtered 1 rows for bangalore (5.0% of total)
2026-04-25 01:14:09,611 - airpollution.multi_city_data - INFO - ✓ Preprocessed: 1 → 1 rows (100.0% retained)
2026-04-25 01:14:09,611 - airpollution.multi_city_data - INFO - ✓ Filtered 1 rows for kolkata (5.0% of total)
2026-04-25 01:14:09,611 - airpollution.multi_city_data - INFO - ✓ Preprocessed: 1 → 1 rows (100.0% retained)
2026-04-25 01:14:09,612 - airpollution.multi_city_data - INFO - ✓ Filtered 1 rows for hyderabad (5.0% of total)
2026-04-25 01:14:09,612 - airpollution.multi_city_data - INFO - ✓ Preprocessed: 1 → 1 rows (100.0% retained)
2026-04-25 01:14:09,612 - airpollution.multi_city_data - INFO -    ✓ Combined training data: 6 rows
2026-04-25 01:14:09,612 - airpollution.multi_city_data - INFO -    Loading test cities: ['delhi', 'mumbai', 'bangalore', 'kolkata', 'hyderabad']
2026-04-25 01:14:09,613 - airpollution.multi_city_data - INFO - ✓ Filtered 2 rows for delhi (10.0% of total)
2026-04-25 01:14:09,613 - airpollution.multi_city_data - INFO - ✓ Preprocessed: 2 → 2 rows (100.0% retained)
2026-04-25 01:14:09,614 - airpollution.multi_city_data - INFO - ✓ Filtered 1 rows for mumbai (5.0% of total)
2026-04-25 01:14:09,614 - airpollution.multi_city_data - INFO - ✓ Preprocessed: 1 → 1 rows (100.0% retained)
2026-04-25 01:14:09,614 - airpollution.multi_city_data - INFO - ✓ Filtered 1 rows for bangalore (5.0% of total)
2026-04-25 01:14:09,615 - airpollution.multi_city_data - INFO - ✓ Preprocessed: 1 → 1 rows (100.0% retained)
2026-04-25 01:14:09,615 - airpollution.multi_city_data - INFO - ✓ Filtered 1 rows for kolkata (5.0% of total)
2026-04-25 01:14:09,615 - airpollution.multi_city_data - INFO - ✓ Preprocessed: 1 → 1 rows (100.0% retained)
2026-04-25 01:14:09,616 - airpollution.multi_city_data - INFO - ✓ Filtered 1 rows for hyderabad (5.0% of total)
2026-04-25 01:14:09,616 - airpollution.multi_city_data - INFO - ✓ Preprocessed: 1 → 1 rows (100.0% retained)
2026-04-25 01:14:09,616 - airpollution.multi_city_data - INFO -    ✓ Combined test data: 6 rows
2026-04-25 01:14:09,616 - airpollution.multi_city_data - INFO -    Using temporal split (80/20)
2026-04-25 01:14:09,616 - airpollution.multi_city_data - WARNING -    ⚠ No timestamp column; using day_of_year for temporal sort
2026-04-25 01:14:09,617 - airpollution.multi_city_data - INFO - ✓ Scenario 'full_multi_city_temporal' split complete:
    Train: 4 samples
    Test:  2 samples
2026-04-25 01:14:09,617 - __main__ - INFO - 
  🤖 Training: linear_regression
2026-04-25 01:14:09,617 - airpollution.models.factory - INFO - Creating linear_regression with hyperparams: {}
2026-04-25 01:14:09,617 - airpollution.models.factory - INFO - Fitting LinearRegression with 4 samples, 8 features
2026-04-25 01:14:09,618 - airpollution.models.factory - INFO - ✓ LinearRegression fitted. R² (train): 1.0000
2026-04-25 01:14:09,618 - airpollution.models.factory - INFO - ✓ LinearRegression saved to artifacts/models/full_multi_city_temporal/linear_regression/model.joblib
2026-04-25 01:14:09,618 - __main__ - INFO -     ✓ Saved to artifacts/models/full_multi_city_temporal/linear_regression/model.joblib
2026-04-25 01:14:09,619 - __main__ - INFO -     ✓ Feature importance saved
2026-04-25 01:14:09,619 - __main__ - INFO - 
  🤖 Training: random_forest
2026-04-25 01:14:09,619 - airpollution.models.factory - INFO - Creating random_forest with hyperparams: {'n_estimators': 100, 'max_depth': 15, 'random_state': 42, 'n_jobs': -1}
2026-04-25 01:14:09,619 - airpollution.models.factory - ERROR - Invalid hyperparameters for random_forest: RandomForestRegressor.__init__() got an unexpected keyword argument 'n_jobs'
2026-04-25 01:14:09,619 - __main__ - ERROR -     ✗ Training failed for random_forest: RandomForestRegressor.__init__() got an unexpected keyword argument 'n_jobs'
2026-04-25 01:14:09,619 - __main__ - INFO - 
  🤖 Training: xgboost
2026-04-25 01:14:09,619 - airpollution.models.factory - INFO - Creating xgboost with hyperparams: {'n_estimators': 200, 'max_depth': 7, 'learning_rate': 0.1, 'random_state': 42, 'n_jobs': -1}
2026-04-25 01:14:09,619 - airpollution.models.factory - ERROR - Invalid hyperparameters for xgboost: XGBoostRegressor.__init__() got an unexpected keyword argument 'n_jobs'
2026-04-25 01:14:09,619 - __main__ - ERROR -     ✗ Training failed for xgboost: XGBoostRegressor.__init__() got an unexpected keyword argument 'n_jobs'
2026-04-25 01:14:09,619 - __main__ - INFO - 
  🤖 Training: lightgbm
2026-04-25 01:14:09,619 - airpollution.models.factory - INFO - Creating lightgbm with hyperparams: {'n_estimators': 200, 'max_depth': 7, 'learning_rate': 0.1, 'random_state': 42, 'num_leaves': 31}
2026-04-25 01:14:09,619 - airpollution.models.factory - INFO - Fitting LightGBM (n_estimators=200, num_leaves=31) with 4 samples
2026-04-25 01:14:09,626 - airpollution.models.factory - INFO - ✓ LightGBM fitted. R² (train): 0.0000
2026-04-25 01:14:09,626 - airpollution.models.factory - INFO - ✓ LightGBM saved to artifacts/models/full_multi_city_temporal/lightgbm/model.joblib
2026-04-25 01:14:09,626 - __main__ - INFO -     ✓ Saved to artifacts/models/full_multi_city_temporal/lightgbm/model.joblib
2026-04-25 01:14:09,627 - __main__ - INFO -     ✓ Feature importance saved
2026-04-25 01:14:09,627 - __main__ - INFO - 
  🤖 Training: neural_network
2026-04-25 01:14:09,627 - airpollution.models.factory - INFO - Creating neural_network with hyperparams: {'hidden_layers': [64, 32], 'dropout_rate': 0.3, 'epochs': 50, 'batch_size': 32, 'validation_split': 0.2, 'random_state': 42}
2026-04-25 01:14:09,627 - airpollution.models.factory - INFO - Fitting Neural Network (2 hidden layers) with 4 samples, 8 features
2026-04-25 01:14:11,122 - airpollution.models.factory - INFO - ✓ Neural Network fitted. Final training loss: 37233.2773
2026-04-25 01:14:11,122 - absl - WARNING - You are saving your model as an HDF5 file via `model.save()` or `keras.saving.save_model(model)`. This file format is considered legacy. We recommend using instead the native Keras format, e.g. `model.save('my_model.keras')` or `keras.saving.save_model(model, 'my_model.keras')`. 
2026-04-25 01:14:11,127 - airpollution.models.factory - INFO - ✓ Neural Network saved to artifacts/models/full_multi_city_temporal/neural_network/model.h5 and metadata to artifacts/models/full_multi_city_temporal/neural_network/model.joblib
2026-04-25 01:14:11,127 - __main__ - INFO -     ✓ Saved to artifacts/models/full_multi_city_temporal/neural_network/model.joblib
2026-04-25 01:14:11,127 - airpollution.models.factory - WARNING - Neural Network feature importance computed via gradient-based approximation
2026-04-25 01:14:11,149 - __main__ - INFO -     ✓ Feature importance saved
2026-04-25 01:14:11,149 - __main__ - INFO - 
✓ Scenario complete: 3 models trained
2026-04-25 01:14:11,149 - __main__ - INFO - 
============================================================
2026-04-25 01:14:11,149 - __main__ - INFO - ✓ TRAINING PIPELINE COMPLETE
2026-04-25 01:14:11,149 - __main__ - INFO - ============================================================
2026-04-25 01:14:11,149 - __main__ - INFO - ✓ Successfully trained: 6 scenarios
2026-04-25 01:14:11,149 - __main__ - WARNING - ⚠ Failed scenarios: ['mumbai_standalone']
2026-04-25 01:14:11,149 - __main__ - INFO - ✓ All training complete!
2026-04-25 01:16:03,376 - airpollution.multi_city_data - INFO - ✓ Loaded configuration from configs/base.yaml
2026-04-25 01:16:03,376 - airpollution.cities - INFO - ✓ Loaded city config: delhi (National Capital Territory of Delhi)
2026-04-25 01:16:03,376 - airpollution.cities - INFO - ✓ Loaded city config: mumbai (Mumbai (Bombay))
2026-04-25 01:16:03,376 - airpollution.cities - INFO - ✓ Loaded city config: bangalore (Bangalore (Bengaluru))
2026-04-25 01:16:03,376 - airpollution.cities - INFO - ✓ Loaded city config: kolkata (Kolkata (Calcutta))
2026-04-25 01:16:03,376 - airpollution.cities - INFO - ✓ Loaded city config: hyderabad (Hyderabad)
2026-04-25 01:16:03,376 - airpollution.multi_city_data - INFO - ✓ Initialized MultiCityDataLoader with CSV: data/processed/unified_dataset.csv
2026-04-25 01:16:03,376 - __main__ - INFO - ✓ Initialized TrainingOrchestrator
2026-04-25 01:16:03,376 - __main__ - INFO -   Config: configs/base.yaml
2026-04-25 01:16:03,376 - __main__ - INFO -   Model output: artifacts/models
2026-04-25 01:16:03,376 - __main__ - INFO - 
============================================================
2026-04-25 01:16:03,376 - __main__ - INFO - 📊 STARTING TRAINING PIPELINE
2026-04-25 01:16:03,376 - __main__ - INFO - ============================================================
2026-04-25 01:16:03,376 - __main__ - INFO - Scenarios to train: 7
2026-04-25 01:16:03,376 - __main__ - INFO - Models to train per scenario: 5
2026-04-25 01:16:03,376 - __main__ - INFO - 
============================================================
2026-04-25 01:16:03,376 - __main__ - INFO - 🎯 TRAINING SCENARIO: delhi_standalone
2026-04-25 01:16:03,376 - __main__ - INFO - ============================================================
2026-04-25 01:16:03,376 - airpollution.multi_city_data - INFO - 🎯 Splitting data for scenario: delhi_standalone
2026-04-25 01:16:03,376 - airpollution.multi_city_data - INFO -    Description: Train and test on Delhi only (baseline robustness: 1.0)
2026-04-25 01:16:03,376 - airpollution.multi_city_data - INFO -    Loading training cities: ['delhi']
2026-04-25 01:16:03,376 - airpollution.multi_city_data - INFO - Loading raw data from data/processed/unified_dataset.csv...
2026-04-25 01:16:03,378 - airpollution.multi_city_data - INFO - ✓ Loaded 20 rows with 9 columns
2026-04-25 01:16:03,379 - airpollution.multi_city_data - INFO - ✓ Filtered 2 rows for delhi (10.0% of total)
2026-04-25 01:16:03,380 - airpollution.multi_city_data - INFO - ✓ Preprocessed: 2 → 2 rows (100.0% retained)
2026-04-25 01:16:03,380 - airpollution.multi_city_data - INFO -    ✓ Combined training data: 2 rows
2026-04-25 01:16:03,380 - airpollution.multi_city_data - INFO -    Loading test cities: ['delhi']
2026-04-25 01:16:03,380 - airpollution.multi_city_data - INFO - ✓ Filtered 2 rows for delhi (10.0% of total)
2026-04-25 01:16:03,381 - airpollution.multi_city_data - INFO - ✓ Preprocessed: 2 → 2 rows (100.0% retained)
2026-04-25 01:16:03,381 - airpollution.multi_city_data - INFO -    ✓ Combined test data: 2 rows
2026-04-25 01:16:03,381 - airpollution.multi_city_data - INFO -    Using temporal split (80/20)
2026-04-25 01:16:03,381 - airpollution.multi_city_data - WARNING -    ⚠ No timestamp column; using day_of_year for temporal sort
2026-04-25 01:16:03,381 - airpollution.multi_city_data - INFO - ✓ Scenario 'delhi_standalone' split complete:
    Train: 1 samples
    Test:  1 samples
2026-04-25 01:16:03,381 - __main__ - INFO - 
  🤖 Training: linear_regression
2026-04-25 01:16:03,381 - airpollution.models.factory - INFO - Creating linear_regression with hyperparams: {}
2026-04-25 01:16:03,381 - airpollution.models.factory - INFO - Fitting LinearRegression with 1 samples, 8 features
2026-04-25 01:16:03,383 - airpollution.models.factory - INFO - ✓ LinearRegression fitted. R² (train): nan
2026-04-25 01:16:03,384 - airpollution.models.factory - INFO - ✓ LinearRegression saved to artifacts/models/delhi_standalone/linear_regression/model.joblib
2026-04-25 01:16:03,384 - __main__ - INFO -     ✓ Saved to artifacts/models/delhi_standalone/linear_regression/model.joblib
2026-04-25 01:16:03,385 - __main__ - INFO -     ✓ Feature importance saved
2026-04-25 01:16:03,385 - __main__ - INFO - 
  🤖 Training: random_forest
2026-04-25 01:16:03,385 - airpollution.models.factory - INFO - Creating random_forest with hyperparams: {'n_estimators': 100, 'max_depth': 15, 'random_state': 42, 'n_jobs': -1}
2026-04-25 01:16:03,385 - airpollution.models.factory - ERROR - Invalid hyperparameters for random_forest: RandomForestRegressor.__init__() got an unexpected keyword argument 'n_jobs'
2026-04-25 01:16:03,385 - __main__ - ERROR -     ✗ Training failed for random_forest: RandomForestRegressor.__init__() got an unexpected keyword argument 'n_jobs'
2026-04-25 01:16:03,385 - __main__ - INFO - 
  🤖 Training: xgboost
2026-04-25 01:16:03,385 - airpollution.models.factory - INFO - Creating xgboost with hyperparams: {'n_estimators': 200, 'max_depth': 7, 'learning_rate': 0.1, 'random_state': 42, 'n_jobs': -1}
2026-04-25 01:16:03,385 - airpollution.models.factory - ERROR - Invalid hyperparameters for xgboost: XGBoostRegressor.__init__() got an unexpected keyword argument 'n_jobs'
2026-04-25 01:16:03,385 - __main__ - ERROR -     ✗ Training failed for xgboost: XGBoostRegressor.__init__() got an unexpected keyword argument 'n_jobs'
2026-04-25 01:16:03,385 - __main__ - INFO - 
  🤖 Training: lightgbm
2026-04-25 01:16:03,385 - airpollution.models.factory - INFO - Creating lightgbm with hyperparams: {'n_estimators': 200, 'max_depth': 7, 'learning_rate': 0.1, 'random_state': 42, 'num_leaves': 31}
2026-04-25 01:16:03,385 - airpollution.models.factory - INFO - Fitting LightGBM (n_estimators=200, num_leaves=31) with 1 samples
2026-04-25 01:16:03,393 - airpollution.models.factory - INFO - ✓ LightGBM fitted. R² (train): nan
2026-04-25 01:16:03,393 - airpollution.models.factory - INFO - ✓ LightGBM saved to artifacts/models/delhi_standalone/lightgbm/model.joblib
2026-04-25 01:16:03,393 - __main__ - INFO -     ✓ Saved to artifacts/models/delhi_standalone/lightgbm/model.joblib
2026-04-25 01:16:03,394 - __main__ - INFO -     ✓ Feature importance saved
2026-04-25 01:16:03,394 - __main__ - INFO - 
  🤖 Training: neural_network
2026-04-25 01:16:03,394 - airpollution.models.factory - INFO - Creating neural_network with hyperparams: {'hidden_layers': [64, 32], 'dropout_rate': 0.3, 'epochs': 50, 'batch_size': 32, 'validation_split': 0.2, 'random_state': 42}
2026-04-25 01:16:03,394 - airpollution.models.factory - INFO - Fitting Neural Network (2 hidden layers) with 1 samples, 8 features
2026-04-25 01:16:03,415 - airpollution.models.factory - ERROR - ✗ Neural Network fit failed: Training data contains 1 samples, which is not sufficient to split it into a validation and training set as specified by `validation_split=0.2`. Either provide more data, or a different value for the `validation_split` argument.
2026-04-25 01:16:03,415 - __main__ - ERROR -     ✗ Training failed for neural_network: Training data contains 1 samples, which is not sufficient to split it into a validation and training set as specified by `validation_split=0.2`. Either provide more data, or a different value for the `validation_split` argument.
2026-04-25 01:16:03,415 - __main__ - INFO - 
✓ Scenario complete: 2 models trained
2026-04-25 01:16:03,415 - __main__ - INFO - 
============================================================
2026-04-25 01:16:03,415 - __main__ - INFO - 🎯 TRAINING SCENARIO: mumbai_standalone
2026-04-25 01:16:03,415 - __main__ - INFO - ============================================================
2026-04-25 01:16:03,415 - airpollution.multi_city_data - INFO - 🎯 Splitting data for scenario: mumbai_standalone
2026-04-25 01:16:03,415 - airpollution.multi_city_data - INFO -    Description: Train and test on Mumbai only
2026-04-25 01:16:03,415 - airpollution.multi_city_data - INFO -    Loading training cities: ['mumbai']
2026-04-25 01:16:03,415 - airpollution.multi_city_data - INFO - ✓ Filtered 1 rows for mumbai (5.0% of total)
2026-04-25 01:16:03,416 - airpollution.multi_city_data - INFO - ✓ Preprocessed: 1 → 1 rows (100.0% retained)
2026-04-25 01:16:03,416 - airpollution.multi_city_data - INFO -    ✓ Combined training data: 1 rows
2026-04-25 01:16:03,416 - airpollution.multi_city_data - INFO -    Loading test cities: ['mumbai']
2026-04-25 01:16:03,416 - airpollution.multi_city_data - INFO - ✓ Filtered 1 rows for mumbai (5.0% of total)
2026-04-25 01:16:03,417 - airpollution.multi_city_data - INFO - ✓ Preprocessed: 1 → 1 rows (100.0% retained)
2026-04-25 01:16:03,417 - airpollution.multi_city_data - INFO -    ✓ Combined test data: 1 rows
2026-04-25 01:16:03,417 - airpollution.multi_city_data - INFO -    Using temporal split (80/20)
2026-04-25 01:16:03,417 - airpollution.multi_city_data - WARNING -    ⚠ No timestamp column; using day_of_year for temporal sort
2026-04-25 01:16:03,417 - airpollution.multi_city_data - INFO - ✓ Scenario 'mumbai_standalone' split complete:
    Train: 0 samples
    Test:  1 samples
2026-04-25 01:16:03,417 - __main__ - INFO - 
  🤖 Training: linear_regression
2026-04-25 01:16:03,417 - airpollution.models.factory - INFO - Creating linear_regression with hyperparams: {}
2026-04-25 01:16:03,417 - __main__ - ERROR -     ✗ Training failed for linear_regression: Cannot fit with empty data
2026-04-25 01:16:03,417 - __main__ - INFO - 
  🤖 Training: random_forest
2026-04-25 01:16:03,417 - airpollution.models.factory - INFO - Creating random_forest with hyperparams: {'n_estimators': 100, 'max_depth': 15, 'random_state': 42, 'n_jobs': -1}
2026-04-25 01:16:03,417 - airpollution.models.factory - ERROR - Invalid hyperparameters for random_forest: RandomForestRegressor.__init__() got an unexpected keyword argument 'n_jobs'
2026-04-25 01:16:03,417 - __main__ - ERROR -     ✗ Training failed for random_forest: RandomForestRegressor.__init__() got an unexpected keyword argument 'n_jobs'
2026-04-25 01:16:03,417 - __main__ - INFO - 
  🤖 Training: xgboost
2026-04-25 01:16:03,417 - airpollution.models.factory - INFO - Creating xgboost with hyperparams: {'n_estimators': 200, 'max_depth': 7, 'learning_rate': 0.1, 'random_state': 42, 'n_jobs': -1}
2026-04-25 01:16:03,417 - airpollution.models.factory - ERROR - Invalid hyperparameters for xgboost: XGBoostRegressor.__init__() got an unexpected keyword argument 'n_jobs'
2026-04-25 01:16:03,417 - __main__ - ERROR -     ✗ Training failed for xgboost: XGBoostRegressor.__init__() got an unexpected keyword argument 'n_jobs'
2026-04-25 01:16:03,417 - __main__ - INFO - 
  🤖 Training: lightgbm
2026-04-25 01:16:03,417 - airpollution.models.factory - INFO - Creating lightgbm with hyperparams: {'n_estimators': 200, 'max_depth': 7, 'learning_rate': 0.1, 'random_state': 42, 'num_leaves': 31}
2026-04-25 01:16:03,417 - __main__ - ERROR -     ✗ Training failed for lightgbm: Cannot fit with empty data
2026-04-25 01:16:03,417 - __main__ - INFO - 
  🤖 Training: neural_network
2026-04-25 01:16:03,417 - airpollution.models.factory - INFO - Creating neural_network with hyperparams: {'hidden_layers': [64, 32], 'dropout_rate': 0.3, 'epochs': 50, 'batch_size': 32, 'validation_split': 0.2, 'random_state': 42}
2026-04-25 01:16:03,417 - __main__ - ERROR -     ✗ Training failed for neural_network: Cannot fit with empty data
2026-04-25 01:16:03,417 - __main__ - ERROR - ✗ Scenario 'mumbai_standalone' failed: No models succeeded for scenario: mumbai_standalone
2026-04-25 01:16:03,417 - __main__ - INFO - 
============================================================
2026-04-25 01:16:03,417 - __main__ - INFO - 🎯 TRAINING SCENARIO: delhi_to_mumbai
2026-04-25 01:16:03,417 - __main__ - INFO - ============================================================
2026-04-25 01:16:03,417 - airpollution.multi_city_data - INFO - 🎯 Splitting data for scenario: delhi_to_mumbai
2026-04-25 01:16:03,417 - airpollution.multi_city_data - INFO -    Description: Train on Delhi, test on completely unseen Mumbai (robustness test)
2026-04-25 01:16:03,417 - airpollution.multi_city_data - INFO -    Loading training cities: ['delhi']
2026-04-25 01:16:03,418 - airpollution.multi_city_data - INFO - ✓ Filtered 2 rows for delhi (10.0% of total)
2026-04-25 01:16:03,418 - airpollution.multi_city_data - INFO - ✓ Preprocessed: 2 → 2 rows (100.0% retained)
2026-04-25 01:16:03,418 - airpollution.multi_city_data - INFO -    ✓ Combined training data: 2 rows
2026-04-25 01:16:03,418 - airpollution.multi_city_data - INFO -    Loading test cities: ['mumbai']
2026-04-25 01:16:03,418 - airpollution.multi_city_data - INFO - ✓ Filtered 1 rows for mumbai (5.0% of total)
2026-04-25 01:16:03,419 - airpollution.multi_city_data - INFO - ✓ Preprocessed: 1 → 1 rows (100.0% retained)
2026-04-25 01:16:03,419 - airpollution.multi_city_data - INFO -    ✓ Combined test data: 1 rows
2026-04-25 01:16:03,419 - airpollution.multi_city_data - INFO -    Using city-boundary split (all test cities are test set)
2026-04-25 01:16:03,419 - airpollution.multi_city_data - INFO - ✓ Scenario 'delhi_to_mumbai' split complete:
    Train: 2 samples
    Test:  1 samples
2026-04-25 01:16:03,419 - __main__ - INFO - 
  🤖 Training: linear_regression
2026-04-25 01:16:03,419 - airpollution.models.factory - INFO - Creating linear_regression with hyperparams: {}
2026-04-25 01:16:03,419 - airpollution.models.factory - INFO - Fitting LinearRegression with 2 samples, 8 features
2026-04-25 01:16:03,420 - airpollution.models.factory - INFO - ✓ LinearRegression fitted. R² (train): 1.0000
2026-04-25 01:16:03,420 - airpollution.models.factory - INFO - ✓ LinearRegression saved to artifacts/models/delhi_to_mumbai/linear_regression/model.joblib
2026-04-25 01:16:03,420 - __main__ - INFO -     ✓ Saved to artifacts/models/delhi_to_mumbai/linear_regression/model.joblib
2026-04-25 01:16:03,421 - __main__ - INFO -     ✓ Feature importance saved
2026-04-25 01:16:03,421 - __main__ - INFO - 
  🤖 Training: random_forest
2026-04-25 01:16:03,421 - airpollution.models.factory - INFO - Creating random_forest with hyperparams: {'n_estimators': 100, 'max_depth': 15, 'random_state': 42, 'n_jobs': -1}
2026-04-25 01:16:03,421 - airpollution.models.factory - ERROR - Invalid hyperparameters for random_forest: RandomForestRegressor.__init__() got an unexpected keyword argument 'n_jobs'
2026-04-25 01:16:03,421 - __main__ - ERROR -     ✗ Training failed for random_forest: RandomForestRegressor.__init__() got an unexpected keyword argument 'n_jobs'
2026-04-25 01:16:03,421 - __main__ - INFO - 
  🤖 Training: xgboost
2026-04-25 01:16:03,421 - airpollution.models.factory - INFO - Creating xgboost with hyperparams: {'n_estimators': 200, 'max_depth': 7, 'learning_rate': 0.1, 'random_state': 42, 'n_jobs': -1}
2026-04-25 01:16:03,421 - airpollution.models.factory - ERROR - Invalid hyperparameters for xgboost: XGBoostRegressor.__init__() got an unexpected keyword argument 'n_jobs'
2026-04-25 01:16:03,421 - __main__ - ERROR -     ✗ Training failed for xgboost: XGBoostRegressor.__init__() got an unexpected keyword argument 'n_jobs'
2026-04-25 01:16:03,421 - __main__ - INFO - 
  🤖 Training: lightgbm
2026-04-25 01:16:03,421 - airpollution.models.factory - INFO - Creating lightgbm with hyperparams: {'n_estimators': 200, 'max_depth': 7, 'learning_rate': 0.1, 'random_state': 42, 'num_leaves': 31}
2026-04-25 01:16:03,421 - airpollution.models.factory - INFO - Fitting LightGBM (n_estimators=200, num_leaves=31) with 2 samples
2026-04-25 01:16:03,429 - airpollution.models.factory - INFO - ✓ LightGBM fitted. R² (train): 0.0000
2026-04-25 01:16:03,429 - airpollution.models.factory - INFO - ✓ LightGBM saved to artifacts/models/delhi_to_mumbai/lightgbm/model.joblib
2026-04-25 01:16:03,429 - __main__ - INFO -     ✓ Saved to artifacts/models/delhi_to_mumbai/lightgbm/model.joblib
2026-04-25 01:16:03,430 - __main__ - INFO -     ✓ Feature importance saved
2026-04-25 01:16:03,430 - __main__ - INFO - 
  🤖 Training: neural_network
2026-04-25 01:16:03,430 - airpollution.models.factory - INFO - Creating neural_network with hyperparams: {'hidden_layers': [64, 32], 'dropout_rate': 0.3, 'epochs': 50, 'batch_size': 32, 'validation_split': 0.2, 'random_state': 42}
2026-04-25 01:16:03,430 - airpollution.models.factory - INFO - Fitting Neural Network (2 hidden layers) with 2 samples, 8 features
2026-04-25 01:16:04,945 - airpollution.models.factory - INFO - ✓ Neural Network fitted. Final training loss: 6418.7563
2026-04-25 01:16:04,945 - absl - WARNING - You are saving your model as an HDF5 file via `model.save()` or `keras.saving.save_model(model)`. This file format is considered legacy. We recommend using instead the native Keras format, e.g. `model.save('my_model.keras')` or `keras.saving.save_model(model, 'my_model.keras')`. 
2026-04-25 01:16:04,951 - airpollution.models.factory - INFO - ✓ Neural Network saved to artifacts/models/delhi_to_mumbai/neural_network/model.h5 and metadata to artifacts/models/delhi_to_mumbai/neural_network/model.joblib
2026-04-25 01:16:04,951 - __main__ - INFO -     ✓ Saved to artifacts/models/delhi_to_mumbai/neural_network/model.joblib
2026-04-25 01:16:04,951 - airpollution.models.factory - WARNING - Neural Network feature importance computed via gradient-based approximation
2026-04-25 01:16:04,967 - __main__ - INFO -     ✓ Feature importance saved
2026-04-25 01:16:04,967 - __main__ - INFO - 
✓ Scenario complete: 3 models trained
2026-04-25 01:16:04,967 - __main__ - INFO - 
============================================================
2026-04-25 01:16:04,967 - __main__ - INFO - 🎯 TRAINING SCENARIO: mumbai_to_delhi
2026-04-25 01:16:04,967 - __main__ - INFO - ============================================================
2026-04-25 01:16:04,968 - airpollution.multi_city_data - INFO - 🎯 Splitting data for scenario: mumbai_to_delhi
2026-04-25 01:16:04,968 - airpollution.multi_city_data - INFO -    Description: Train on Mumbai, test on completely unseen Delhi
2026-04-25 01:16:04,968 - airpollution.multi_city_data - INFO -    Loading training cities: ['mumbai']
2026-04-25 01:16:04,968 - airpollution.multi_city_data - INFO - ✓ Filtered 1 rows for mumbai (5.0% of total)
2026-04-25 01:16:04,969 - airpollution.multi_city_data - INFO - ✓ Preprocessed: 1 → 1 rows (100.0% retained)
2026-04-25 01:16:04,969 - airpollution.multi_city_data - INFO -    ✓ Combined training data: 1 rows
2026-04-25 01:16:04,969 - airpollution.multi_city_data - INFO -    Loading test cities: ['delhi']
2026-04-25 01:16:04,969 - airpollution.multi_city_data - INFO - ✓ Filtered 2 rows for delhi (10.0% of total)
2026-04-25 01:16:04,969 - airpollution.multi_city_data - INFO - ✓ Preprocessed: 2 → 2 rows (100.0% retained)
2026-04-25 01:16:04,969 - airpollution.multi_city_data - INFO -    ✓ Combined test data: 2 rows
2026-04-25 01:16:04,969 - airpollution.multi_city_data - INFO -    Using city-boundary split (all test cities are test set)
2026-04-25 01:16:04,970 - airpollution.multi_city_data - INFO - ✓ Scenario 'mumbai_to_delhi' split complete:
    Train: 1 samples
    Test:  2 samples
2026-04-25 01:16:04,970 - __main__ - INFO - 
  🤖 Training: linear_regression
2026-04-25 01:16:04,970 - airpollution.models.factory - INFO - Creating linear_regression with hyperparams: {}
2026-04-25 01:16:04,970 - airpollution.models.factory - INFO - Fitting LinearRegression with 1 samples, 8 features
2026-04-25 01:16:04,971 - airpollution.models.factory - INFO - ✓ LinearRegression fitted. R² (train): nan
2026-04-25 01:16:04,971 - airpollution.models.factory - INFO - ✓ LinearRegression saved to artifacts/models/mumbai_to_delhi/linear_regression/model.joblib
2026-04-25 01:16:04,971 - __main__ - INFO -     ✓ Saved to artifacts/models/mumbai_to_delhi/linear_regression/model.joblib
2026-04-25 01:16:04,971 - __main__ - INFO -     ✓ Feature importance saved
2026-04-25 01:16:04,971 - __main__ - INFO - 
  🤖 Training: random_forest
2026-04-25 01:16:04,971 - airpollution.models.factory - INFO - Creating random_forest with hyperparams: {'n_estimators': 100, 'max_depth': 15, 'random_state': 42, 'n_jobs': -1}
2026-04-25 01:16:04,971 - airpollution.models.factory - ERROR - Invalid hyperparameters for random_forest: RandomForestRegressor.__init__() got an unexpected keyword argument 'n_jobs'
2026-04-25 01:16:04,971 - __main__ - ERROR -     ✗ Training failed for random_forest: RandomForestRegressor.__init__() got an unexpected keyword argument 'n_jobs'
2026-04-25 01:16:04,971 - __main__ - INFO - 
  🤖 Training: xgboost
2026-04-25 01:16:04,971 - airpollution.models.factory - INFO - Creating xgboost with hyperparams: {'n_estimators': 200, 'max_depth': 7, 'learning_rate': 0.1, 'random_state': 42, 'n_jobs': -1}
2026-04-25 01:16:04,971 - airpollution.models.factory - ERROR - Invalid hyperparameters for xgboost: XGBoostRegressor.__init__() got an unexpected keyword argument 'n_jobs'
2026-04-25 01:16:04,971 - __main__ - ERROR -     ✗ Training failed for xgboost: XGBoostRegressor.__init__() got an unexpected keyword argument 'n_jobs'
2026-04-25 01:16:04,971 - __main__ - INFO - 
  🤖 Training: lightgbm
2026-04-25 01:16:04,971 - airpollution.models.factory - INFO - Creating lightgbm with hyperparams: {'n_estimators': 200, 'max_depth': 7, 'learning_rate': 0.1, 'random_state': 42, 'num_leaves': 31}
2026-04-25 01:16:04,971 - airpollution.models.factory - INFO - Fitting LightGBM (n_estimators=200, num_leaves=31) with 1 samples
2026-04-25 01:16:04,979 - airpollution.models.factory - INFO - ✓ LightGBM fitted. R² (train): nan
2026-04-25 01:16:04,979 - airpollution.models.factory - INFO - ✓ LightGBM saved to artifacts/models/mumbai_to_delhi/lightgbm/model.joblib
2026-04-25 01:16:04,979 - __main__ - INFO -     ✓ Saved to artifacts/models/mumbai_to_delhi/lightgbm/model.joblib
2026-04-25 01:16:04,980 - __main__ - INFO -     ✓ Feature importance saved
2026-04-25 01:16:04,980 - __main__ - INFO - 
  🤖 Training: neural_network
2026-04-25 01:16:04,980 - airpollution.models.factory - INFO - Creating neural_network with hyperparams: {'hidden_layers': [64, 32], 'dropout_rate': 0.3, 'epochs': 50, 'batch_size': 32, 'validation_split': 0.2, 'random_state': 42}
2026-04-25 01:16:04,980 - airpollution.models.factory - INFO - Fitting Neural Network (2 hidden layers) with 1 samples, 8 features
2026-04-25 01:16:04,994 - airpollution.models.factory - ERROR - ✗ Neural Network fit failed: Training data contains 1 samples, which is not sufficient to split it into a validation and training set as specified by `validation_split=0.2`. Either provide more data, or a different value for the `validation_split` argument.
2026-04-25 01:16:04,994 - __main__ - ERROR -     ✗ Training failed for neural_network: Training data contains 1 samples, which is not sufficient to split it into a validation and training set as specified by `validation_split=0.2`. Either provide more data, or a different value for the `validation_split` argument.
2026-04-25 01:16:04,994 - __main__ - INFO - 
✓ Scenario complete: 2 models trained
2026-04-25 01:16:04,994 - __main__ - INFO - 
============================================================
2026-04-25 01:16:04,994 - __main__ - INFO - 🎯 TRAINING SCENARIO: multi_city_to_mumbai
2026-04-25 01:16:04,994 - __main__ - INFO - ============================================================
2026-04-25 01:16:04,994 - airpollution.multi_city_data - INFO - 🎯 Splitting data for scenario: multi_city_to_mumbai
2026-04-25 01:16:04,994 - airpollution.multi_city_data - INFO -    Description: Train on Delhi+Bangalore+Hyderabad, test on isolated Mumbai
2026-04-25 01:16:04,994 - airpollution.multi_city_data - INFO -    Loading training cities: ['delhi', 'bangalore', 'hyderabad']
2026-04-25 01:16:04,994 - airpollution.multi_city_data - INFO - ✓ Filtered 2 rows for delhi (10.0% of total)
2026-04-25 01:16:04,995 - airpollution.multi_city_data - INFO - ✓ Preprocessed: 2 → 2 rows (100.0% retained)
2026-04-25 01:16:04,995 - airpollution.multi_city_data - INFO - ✓ Filtered 1 rows for bangalore (5.0% of total)
2026-04-25 01:16:04,996 - airpollution.multi_city_data - INFO - ✓ Preprocessed: 1 → 1 rows (100.0% retained)
2026-04-25 01:16:04,996 - airpollution.multi_city_data - INFO - ✓ Filtered 1 rows for hyderabad (5.0% of total)
2026-04-25 01:16:04,996 - airpollution.multi_city_data - INFO - ✓ Preprocessed: 1 → 1 rows (100.0% retained)
2026-04-25 01:16:04,996 - airpollution.multi_city_data - INFO -    ✓ Combined training data: 4 rows
2026-04-25 01:16:04,996 - airpollution.multi_city_data - INFO -    Loading test cities: ['mumbai']
2026-04-25 01:16:04,997 - airpollution.multi_city_data - INFO - ✓ Filtered 1 rows for mumbai (5.0% of total)
2026-04-25 01:16:04,997 - airpollution.multi_city_data - INFO - ✓ Preprocessed: 1 → 1 rows (100.0% retained)
2026-04-25 01:16:04,997 - airpollution.multi_city_data - INFO -    ✓ Combined test data: 1 rows
2026-04-25 01:16:04,997 - airpollution.multi_city_data - INFO -    Using city-boundary split (all test cities are test set)
2026-04-25 01:16:04,997 - airpollution.multi_city_data - INFO - ✓ Scenario 'multi_city_to_mumbai' split complete:
    Train: 4 samples
    Test:  1 samples
2026-04-25 01:16:04,997 - __main__ - INFO - 
  🤖 Training: linear_regression
2026-04-25 01:16:04,997 - airpollution.models.factory - INFO - Creating linear_regression with hyperparams: {}
2026-04-25 01:16:04,997 - airpollution.models.factory - INFO - Fitting LinearRegression with 4 samples, 8 features
2026-04-25 01:16:04,998 - airpollution.models.factory - INFO - ✓ LinearRegression fitted. R² (train): 1.0000
2026-04-25 01:16:04,998 - airpollution.models.factory - INFO - ✓ LinearRegression saved to artifacts/models/multi_city_to_mumbai/linear_regression/model.joblib
2026-04-25 01:16:04,998 - __main__ - INFO -     ✓ Saved to artifacts/models/multi_city_to_mumbai/linear_regression/model.joblib
2026-04-25 01:16:04,999 - __main__ - INFO -     ✓ Feature importance saved
2026-04-25 01:16:04,999 - __main__ - INFO - 
  🤖 Training: random_forest
2026-04-25 01:16:04,999 - airpollution.models.factory - INFO - Creating random_forest with hyperparams: {'n_estimators': 100, 'max_depth': 15, 'random_state': 42, 'n_jobs': -1}
2026-04-25 01:16:04,999 - airpollution.models.factory - ERROR - Invalid hyperparameters for random_forest: RandomForestRegressor.__init__() got an unexpected keyword argument 'n_jobs'
2026-04-25 01:16:04,999 - __main__ - ERROR -     ✗ Training failed for random_forest: RandomForestRegressor.__init__() got an unexpected keyword argument 'n_jobs'
2026-04-25 01:16:04,999 - __main__ - INFO - 
  🤖 Training: xgboost
2026-04-25 01:16:04,999 - airpollution.models.factory - INFO - Creating xgboost with hyperparams: {'n_estimators': 200, 'max_depth': 7, 'learning_rate': 0.1, 'random_state': 42, 'n_jobs': -1}
2026-04-25 01:16:04,999 - airpollution.models.factory - ERROR - Invalid hyperparameters for xgboost: XGBoostRegressor.__init__() got an unexpected keyword argument 'n_jobs'
2026-04-25 01:16:04,999 - __main__ - ERROR -     ✗ Training failed for xgboost: XGBoostRegressor.__init__() got an unexpected keyword argument 'n_jobs'
2026-04-25 01:16:04,999 - __main__ - INFO - 
  🤖 Training: lightgbm
2026-04-25 01:16:04,999 - airpollution.models.factory - INFO - Creating lightgbm with hyperparams: {'n_estimators': 200, 'max_depth': 7, 'learning_rate': 0.1, 'random_state': 42, 'num_leaves': 31}
2026-04-25 01:16:04,999 - airpollution.models.factory - INFO - Fitting LightGBM (n_estimators=200, num_leaves=31) with 4 samples
2026-04-25 01:16:05,005 - airpollution.models.factory - INFO - ✓ LightGBM fitted. R² (train): 0.0000
2026-04-25 01:16:05,006 - airpollution.models.factory - INFO - ✓ LightGBM saved to artifacts/models/multi_city_to_mumbai/lightgbm/model.joblib
2026-04-25 01:16:05,006 - __main__ - INFO -     ✓ Saved to artifacts/models/multi_city_to_mumbai/lightgbm/model.joblib
2026-04-25 01:16:05,006 - __main__ - INFO -     ✓ Feature importance saved
2026-04-25 01:16:05,006 - __main__ - INFO - 
  🤖 Training: neural_network
2026-04-25 01:16:05,006 - airpollution.models.factory - INFO - Creating neural_network with hyperparams: {'hidden_layers': [64, 32], 'dropout_rate': 0.3, 'epochs': 50, 'batch_size': 32, 'validation_split': 0.2, 'random_state': 42}
2026-04-25 01:16:05,006 - airpollution.models.factory - INFO - Fitting Neural Network (2 hidden layers) with 4 samples, 8 features
2026-04-25 01:16:06,501 - airpollution.models.factory - INFO - ✓ Neural Network fitted. Final training loss: 16632.0801
2026-04-25 01:16:06,501 - absl - WARNING - You are saving your model as an HDF5 file via `model.save()` or `keras.saving.save_model(model)`. This file format is considered legacy. We recommend using instead the native Keras format, e.g. `model.save('my_model.keras')` or `keras.saving.save_model(model, 'my_model.keras')`. 
2026-04-25 01:16:06,505 - airpollution.models.factory - INFO - ✓ Neural Network saved to artifacts/models/multi_city_to_mumbai/neural_network/model.h5 and metadata to artifacts/models/multi_city_to_mumbai/neural_network/model.joblib
2026-04-25 01:16:06,505 - __main__ - INFO -     ✓ Saved to artifacts/models/multi_city_to_mumbai/neural_network/model.joblib
2026-04-25 01:16:06,505 - airpollution.models.factory - WARNING - Neural Network feature importance computed via gradient-based approximation
2026-04-25 01:16:06,522 - __main__ - INFO -     ✓ Feature importance saved
2026-04-25 01:16:06,522 - __main__ - INFO - 
✓ Scenario complete: 3 models trained
2026-04-25 01:16:06,522 - __main__ - INFO - 
============================================================
2026-04-25 01:16:06,522 - __main__ - INFO - 🎯 TRAINING SCENARIO: all_except_bangalore_to_bangalore
2026-04-25 01:16:06,522 - __main__ - INFO - ============================================================
2026-04-25 01:16:06,522 - airpollution.multi_city_data - INFO - 🎯 Splitting data for scenario: all_except_bangalore_to_bangalore
2026-04-25 01:16:06,522 - airpollution.multi_city_data - INFO -    Description: Train on 4 cities, test on isolated Bangalore
2026-04-25 01:16:06,522 - airpollution.multi_city_data - INFO -    Loading training cities: ['delhi', 'mumbai', 'kolkata', 'hyderabad']
2026-04-25 01:16:06,522 - airpollution.multi_city_data - INFO - ✓ Filtered 2 rows for delhi (10.0% of total)
2026-04-25 01:16:06,523 - airpollution.multi_city_data - INFO - ✓ Preprocessed: 2 → 2 rows (100.0% retained)
2026-04-25 01:16:06,523 - airpollution.multi_city_data - INFO - ✓ Filtered 1 rows for mumbai (5.0% of total)
2026-04-25 01:16:06,523 - airpollution.multi_city_data - INFO - ✓ Preprocessed: 1 → 1 rows (100.0% retained)
2026-04-25 01:16:06,524 - airpollution.multi_city_data - INFO - ✓ Filtered 1 rows for kolkata (5.0% of total)
2026-04-25 01:16:06,524 - airpollution.multi_city_data - INFO - ✓ Preprocessed: 1 → 1 rows (100.0% retained)
2026-04-25 01:16:06,524 - airpollution.multi_city_data - INFO - ✓ Filtered 1 rows for hyderabad (5.0% of total)
2026-04-25 01:16:06,525 - airpollution.multi_city_data - INFO - ✓ Preprocessed: 1 → 1 rows (100.0% retained)
2026-04-25 01:16:06,525 - airpollution.multi_city_data - INFO -    ✓ Combined training data: 5 rows
2026-04-25 01:16:06,525 - airpollution.multi_city_data - INFO -    Loading test cities: ['bangalore']
2026-04-25 01:16:06,525 - airpollution.multi_city_data - INFO - ✓ Filtered 1 rows for bangalore (5.0% of total)
2026-04-25 01:16:06,525 - airpollution.multi_city_data - INFO - ✓ Preprocessed: 1 → 1 rows (100.0% retained)
2026-04-25 01:16:06,525 - airpollution.multi_city_data - INFO -    ✓ Combined test data: 1 rows
2026-04-25 01:16:06,525 - airpollution.multi_city_data - INFO -    Using city-boundary split (all test cities are test set)
2026-04-25 01:16:06,526 - airpollution.multi_city_data - INFO - ✓ Scenario 'all_except_bangalore_to_bangalore' split complete:
    Train: 5 samples
    Test:  1 samples
2026-04-25 01:16:06,526 - __main__ - INFO - 
  🤖 Training: linear_regression
2026-04-25 01:16:06,526 - airpollution.models.factory - INFO - Creating linear_regression with hyperparams: {}
2026-04-25 01:16:06,526 - airpollution.models.factory - INFO - Fitting LinearRegression with 5 samples, 8 features
2026-04-25 01:16:06,527 - airpollution.models.factory - INFO - ✓ LinearRegression fitted. R² (train): 1.0000
2026-04-25 01:16:06,527 - airpollution.models.factory - INFO - ✓ LinearRegression saved to artifacts/models/all_except_bangalore_to_bangalore/linear_regression/model.joblib
2026-04-25 01:16:06,527 - __main__ - INFO -     ✓ Saved to artifacts/models/all_except_bangalore_to_bangalore/linear_regression/model.joblib
2026-04-25 01:16:06,527 - __main__ - INFO -     ✓ Feature importance saved
2026-04-25 01:16:06,527 - __main__ - INFO - 
  🤖 Training: random_forest
2026-04-25 01:16:06,527 - airpollution.models.factory - INFO - Creating random_forest with hyperparams: {'n_estimators': 100, 'max_depth': 15, 'random_state': 42, 'n_jobs': -1}
2026-04-25 01:16:06,527 - airpollution.models.factory - ERROR - Invalid hyperparameters for random_forest: RandomForestRegressor.__init__() got an unexpected keyword argument 'n_jobs'
2026-04-25 01:16:06,527 - __main__ - ERROR -     ✗ Training failed for random_forest: RandomForestRegressor.__init__() got an unexpected keyword argument 'n_jobs'
2026-04-25 01:16:06,527 - __main__ - INFO - 
  🤖 Training: xgboost
2026-04-25 01:16:06,527 - airpollution.models.factory - INFO - Creating xgboost with hyperparams: {'n_estimators': 200, 'max_depth': 7, 'learning_rate': 0.1, 'random_state': 42, 'n_jobs': -1}
2026-04-25 01:16:06,527 - airpollution.models.factory - ERROR - Invalid hyperparameters for xgboost: XGBoostRegressor.__init__() got an unexpected keyword argument 'n_jobs'
2026-04-25 01:16:06,528 - __main__ - ERROR -     ✗ Training failed for xgboost: XGBoostRegressor.__init__() got an unexpected keyword argument 'n_jobs'
2026-04-25 01:16:06,528 - __main__ - INFO - 
  🤖 Training: lightgbm
2026-04-25 01:16:06,528 - airpollution.models.factory - INFO - Creating lightgbm with hyperparams: {'n_estimators': 200, 'max_depth': 7, 'learning_rate': 0.1, 'random_state': 42, 'num_leaves': 31}
2026-04-25 01:16:06,528 - airpollution.models.factory - INFO - Fitting LightGBM (n_estimators=200, num_leaves=31) with 5 samples
2026-04-25 01:16:06,535 - airpollution.models.factory - INFO - ✓ LightGBM fitted. R² (train): 0.0000
2026-04-25 01:16:06,536 - airpollution.models.factory - INFO - ✓ LightGBM saved to artifacts/models/all_except_bangalore_to_bangalore/lightgbm/model.joblib
2026-04-25 01:16:06,536 - __main__ - INFO -     ✓ Saved to artifacts/models/all_except_bangalore_to_bangalore/lightgbm/model.joblib
2026-04-25 01:16:06,536 - __main__ - INFO -     ✓ Feature importance saved
2026-04-25 01:16:06,536 - __main__ - INFO - 
  🤖 Training: neural_network
2026-04-25 01:16:06,536 - airpollution.models.factory - INFO - Creating neural_network with hyperparams: {'hidden_layers': [64, 32], 'dropout_rate': 0.3, 'epochs': 50, 'batch_size': 32, 'validation_split': 0.2, 'random_state': 42}
2026-04-25 01:16:06,536 - airpollution.models.factory - INFO - Fitting Neural Network (2 hidden layers) with 5 samples, 8 features
2026-04-25 01:16:08,021 - airpollution.models.factory - INFO - ✓ Neural Network fitted. Final training loss: 3247.7283
2026-04-25 01:16:08,021 - absl - WARNING - You are saving your model as an HDF5 file via `model.save()` or `keras.saving.save_model(model)`. This file format is considered legacy. We recommend using instead the native Keras format, e.g. `model.save('my_model.keras')` or `keras.saving.save_model(model, 'my_model.keras')`. 
2026-04-25 01:16:08,026 - airpollution.models.factory - INFO - ✓ Neural Network saved to artifacts/models/all_except_bangalore_to_bangalore/neural_network/model.h5 and metadata to artifacts/models/all_except_bangalore_to_bangalore/neural_network/model.joblib
2026-04-25 01:16:08,026 - __main__ - INFO -     ✓ Saved to artifacts/models/all_except_bangalore_to_bangalore/neural_network/model.joblib
2026-04-25 01:16:08,026 - airpollution.models.factory - WARNING - Neural Network feature importance computed via gradient-based approximation
2026-04-25 01:16:08,041 - __main__ - INFO -     ✓ Feature importance saved
2026-04-25 01:16:08,041 - __main__ - INFO - 
✓ Scenario complete: 3 models trained
2026-04-25 01:16:08,042 - __main__ - INFO - 
============================================================
2026-04-25 01:16:08,042 - __main__ - INFO - 🎯 TRAINING SCENARIO: full_multi_city_temporal
2026-04-25 01:16:08,042 - __main__ - INFO - ============================================================
2026-04-25 01:16:08,042 - airpollution.multi_city_data - INFO - 🎯 Splitting data for scenario: full_multi_city_temporal
2026-04-25 01:16:08,042 - airpollution.multi_city_data - INFO -    Description: Train on all 5 cities (80%), test on all 5 cities (20%) - temporal split
2026-04-25 01:16:08,042 - airpollution.multi_city_data - INFO -    Loading training cities: ['delhi', 'mumbai', 'bangalore', 'kolkata', 'hyderabad']
2026-04-25 01:16:08,042 - airpollution.multi_city_data - INFO - ✓ Filtered 2 rows for delhi (10.0% of total)
2026-04-25 01:16:08,042 - airpollution.multi_city_data - INFO - ✓ Preprocessed: 2 → 2 rows (100.0% retained)
2026-04-25 01:16:08,043 - airpollution.multi_city_data - INFO - ✓ Filtered 1 rows for mumbai (5.0% of total)
2026-04-25 01:16:08,043 - airpollution.multi_city_data - INFO - ✓ Preprocessed: 1 → 1 rows (100.0% retained)
2026-04-25 01:16:08,043 - airpollution.multi_city_data - INFO - ✓ Filtered 1 rows for bangalore (5.0% of total)
2026-04-25 01:16:08,044 - airpollution.multi_city_data - INFO - ✓ Preprocessed: 1 → 1 rows (100.0% retained)
2026-04-25 01:16:08,044 - airpollution.multi_city_data - INFO - ✓ Filtered 1 rows for kolkata (5.0% of total)
2026-04-25 01:16:08,044 - airpollution.multi_city_data - INFO - ✓ Preprocessed: 1 → 1 rows (100.0% retained)
2026-04-25 01:16:08,045 - airpollution.multi_city_data - INFO - ✓ Filtered 1 rows for hyderabad (5.0% of total)
2026-04-25 01:16:08,045 - airpollution.multi_city_data - INFO - ✓ Preprocessed: 1 → 1 rows (100.0% retained)
2026-04-25 01:16:08,045 - airpollution.multi_city_data - INFO -    ✓ Combined training data: 6 rows
2026-04-25 01:16:08,045 - airpollution.multi_city_data - INFO -    Loading test cities: ['delhi', 'mumbai', 'bangalore', 'kolkata', 'hyderabad']
2026-04-25 01:16:08,045 - airpollution.multi_city_data - INFO - ✓ Filtered 2 rows for delhi (10.0% of total)
2026-04-25 01:16:08,046 - airpollution.multi_city_data - INFO - ✓ Preprocessed: 2 → 2 rows (100.0% retained)
2026-04-25 01:16:08,046 - airpollution.multi_city_data - INFO - ✓ Filtered 1 rows for mumbai (5.0% of total)
2026-04-25 01:16:08,046 - airpollution.multi_city_data - INFO - ✓ Preprocessed: 1 → 1 rows (100.0% retained)
2026-04-25 01:16:08,047 - airpollution.multi_city_data - INFO - ✓ Filtered 1 rows for bangalore (5.0% of total)
2026-04-25 01:16:08,047 - airpollution.multi_city_data - INFO - ✓ Preprocessed: 1 → 1 rows (100.0% retained)
2026-04-25 01:16:08,048 - airpollution.multi_city_data - INFO - ✓ Filtered 1 rows for kolkata (5.0% of total)
2026-04-25 01:16:08,048 - airpollution.multi_city_data - INFO - ✓ Preprocessed: 1 → 1 rows (100.0% retained)
2026-04-25 01:16:08,048 - airpollution.multi_city_data - INFO - ✓ Filtered 1 rows for hyderabad (5.0% of total)
2026-04-25 01:16:08,049 - airpollution.multi_city_data - INFO - ✓ Preprocessed: 1 → 1 rows (100.0% retained)
2026-04-25 01:16:08,049 - airpollution.multi_city_data - INFO -    ✓ Combined test data: 6 rows
2026-04-25 01:16:08,049 - airpollution.multi_city_data - INFO -    Using temporal split (80/20)
2026-04-25 01:16:08,049 - airpollution.multi_city_data - WARNING -    ⚠ No timestamp column; using day_of_year for temporal sort
2026-04-25 01:16:08,049 - airpollution.multi_city_data - INFO - ✓ Scenario 'full_multi_city_temporal' split complete:
    Train: 4 samples
    Test:  2 samples
2026-04-25 01:16:08,049 - __main__ - INFO - 
  🤖 Training: linear_regression
2026-04-25 01:16:08,049 - airpollution.models.factory - INFO - Creating linear_regression with hyperparams: {}
2026-04-25 01:16:08,049 - airpollution.models.factory - INFO - Fitting LinearRegression with 4 samples, 8 features
2026-04-25 01:16:08,050 - airpollution.models.factory - INFO - ✓ LinearRegression fitted. R² (train): 1.0000
2026-04-25 01:16:08,050 - airpollution.models.factory - INFO - ✓ LinearRegression saved to artifacts/models/full_multi_city_temporal/linear_regression/model.joblib
2026-04-25 01:16:08,050 - __main__ - INFO -     ✓ Saved to artifacts/models/full_multi_city_temporal/linear_regression/model.joblib
2026-04-25 01:16:08,051 - __main__ - INFO -     ✓ Feature importance saved
2026-04-25 01:16:08,051 - __main__ - INFO - 
  🤖 Training: random_forest
2026-04-25 01:16:08,051 - airpollution.models.factory - INFO - Creating random_forest with hyperparams: {'n_estimators': 100, 'max_depth': 15, 'random_state': 42, 'n_jobs': -1}
2026-04-25 01:16:08,051 - airpollution.models.factory - ERROR - Invalid hyperparameters for random_forest: RandomForestRegressor.__init__() got an unexpected keyword argument 'n_jobs'
2026-04-25 01:16:08,051 - __main__ - ERROR -     ✗ Training failed for random_forest: RandomForestRegressor.__init__() got an unexpected keyword argument 'n_jobs'
2026-04-25 01:16:08,051 - __main__ - INFO - 
  🤖 Training: xgboost
2026-04-25 01:16:08,051 - airpollution.models.factory - INFO - Creating xgboost with hyperparams: {'n_estimators': 200, 'max_depth': 7, 'learning_rate': 0.1, 'random_state': 42, 'n_jobs': -1}
2026-04-25 01:16:08,051 - airpollution.models.factory - ERROR - Invalid hyperparameters for xgboost: XGBoostRegressor.__init__() got an unexpected keyword argument 'n_jobs'
2026-04-25 01:16:08,051 - __main__ - ERROR -     ✗ Training failed for xgboost: XGBoostRegressor.__init__() got an unexpected keyword argument 'n_jobs'
2026-04-25 01:16:08,051 - __main__ - INFO - 
  🤖 Training: lightgbm
2026-04-25 01:16:08,051 - airpollution.models.factory - INFO - Creating lightgbm with hyperparams: {'n_estimators': 200, 'max_depth': 7, 'learning_rate': 0.1, 'random_state': 42, 'num_leaves': 31}
2026-04-25 01:16:08,051 - airpollution.models.factory - INFO - Fitting LightGBM (n_estimators=200, num_leaves=31) with 4 samples
2026-04-25 01:16:08,059 - airpollution.models.factory - INFO - ✓ LightGBM fitted. R² (train): 0.0000
2026-04-25 01:16:08,059 - airpollution.models.factory - INFO - ✓ LightGBM saved to artifacts/models/full_multi_city_temporal/lightgbm/model.joblib
2026-04-25 01:16:08,059 - __main__ - INFO -     ✓ Saved to artifacts/models/full_multi_city_temporal/lightgbm/model.joblib
2026-04-25 01:16:08,060 - __main__ - INFO -     ✓ Feature importance saved
2026-04-25 01:16:08,060 - __main__ - INFO - 
  🤖 Training: neural_network
2026-04-25 01:16:08,060 - airpollution.models.factory - INFO - Creating neural_network with hyperparams: {'hidden_layers': [64, 32], 'dropout_rate': 0.3, 'epochs': 50, 'batch_size': 32, 'validation_split': 0.2, 'random_state': 42}
2026-04-25 01:16:08,060 - airpollution.models.factory - INFO - Fitting Neural Network (2 hidden layers) with 4 samples, 8 features
2026-04-25 01:16:09,557 - airpollution.models.factory - INFO - ✓ Neural Network fitted. Final training loss: 11833.1045
2026-04-25 01:16:09,557 - absl - WARNING - You are saving your model as an HDF5 file via `model.save()` or `keras.saving.save_model(model)`. This file format is considered legacy. We recommend using instead the native Keras format, e.g. `model.save('my_model.keras')` or `keras.saving.save_model(model, 'my_model.keras')`. 
2026-04-25 01:16:09,562 - airpollution.models.factory - INFO - ✓ Neural Network saved to artifacts/models/full_multi_city_temporal/neural_network/model.h5 and metadata to artifacts/models/full_multi_city_temporal/neural_network/model.joblib
2026-04-25 01:16:09,562 - __main__ - INFO -     ✓ Saved to artifacts/models/full_multi_city_temporal/neural_network/model.joblib
2026-04-25 01:16:09,562 - airpollution.models.factory - WARNING - Neural Network feature importance computed via gradient-based approximation
2026-04-25 01:16:09,580 - __main__ - INFO -     ✓ Feature importance saved
2026-04-25 01:16:09,580 - __main__ - INFO - 
✓ Scenario complete: 3 models trained
2026-04-25 01:16:09,580 - __main__ - INFO - 
============================================================
2026-04-25 01:16:09,580 - __main__ - INFO - ✓ TRAINING PIPELINE COMPLETE
2026-04-25 01:16:09,580 - __main__ - INFO - ============================================================
2026-04-25 01:16:09,580 - __main__ - INFO - ✓ Successfully trained: 6 scenarios
2026-04-25 01:16:09,580 - __main__ - WARNING - ⚠ Failed scenarios: ['mumbai_standalone']
2026-04-25 01:16:09,580 - __main__ - INFO - ✓ All training complete!
2026-04-25 01:17:41,322 - airpollution.multi_city_data - INFO - ✓ Loaded configuration from configs/base.yaml
2026-04-25 01:17:41,322 - airpollution.cities - INFO - ✓ Loaded city config: delhi (National Capital Territory of Delhi)
2026-04-25 01:17:41,322 - airpollution.cities - INFO - ✓ Loaded city config: mumbai (Mumbai (Bombay))
2026-04-25 01:17:41,322 - airpollution.cities - INFO - ✓ Loaded city config: bangalore (Bangalore (Bengaluru))
2026-04-25 01:17:41,322 - airpollution.cities - INFO - ✓ Loaded city config: kolkata (Kolkata (Calcutta))
2026-04-25 01:17:41,322 - airpollution.cities - INFO - ✓ Loaded city config: hyderabad (Hyderabad)
2026-04-25 01:17:41,322 - airpollution.multi_city_data - INFO - ✓ Initialized MultiCityDataLoader with CSV: data/processed/unified_dataset.csv
2026-04-25 01:17:41,322 - __main__ - INFO - ✓ Initialized TrainingOrchestrator
2026-04-25 01:17:41,322 - __main__ - INFO -   Config: configs/base.yaml
2026-04-25 01:17:41,322 - __main__ - INFO -   Model output: artifacts/models
2026-04-25 01:17:41,322 - __main__ - INFO - 
============================================================
2026-04-25 01:17:41,322 - __main__ - INFO - 📊 STARTING TRAINING PIPELINE
2026-04-25 01:17:41,322 - __main__ - INFO - ============================================================
2026-04-25 01:17:41,322 - __main__ - INFO - Scenarios to train: 7
2026-04-25 01:17:41,322 - __main__ - INFO - Models to train per scenario: 5
2026-04-25 01:17:41,322 - __main__ - INFO - 
============================================================
2026-04-25 01:17:41,322 - __main__ - INFO - 🎯 TRAINING SCENARIO: delhi_standalone
2026-04-25 01:17:41,322 - __main__ - INFO - ============================================================
2026-04-25 01:17:41,322 - airpollution.multi_city_data - INFO - 🎯 Splitting data for scenario: delhi_standalone
2026-04-25 01:17:41,322 - airpollution.multi_city_data - INFO -    Description: Train and test on Delhi only (baseline robustness: 1.0)
2026-04-25 01:17:41,322 - airpollution.multi_city_data - INFO -    Loading training cities: ['delhi']
2026-04-25 01:17:41,322 - airpollution.multi_city_data - INFO - Loading raw data from data/processed/unified_dataset.csv...
2026-04-25 01:17:41,325 - airpollution.multi_city_data - INFO - ✓ Loaded 540 rows with 9 columns
2026-04-25 01:17:41,325 - airpollution.multi_city_data - INFO - ✓ Filtered 120 rows for delhi (22.2% of total)
2026-04-25 01:17:41,326 - airpollution.multi_city_data - INFO - ✓ Preprocessed: 120 → 120 rows (100.0% retained)
2026-04-25 01:17:41,326 - airpollution.multi_city_data - INFO -    ✓ Combined training data: 120 rows
2026-04-25 01:17:41,326 - airpollution.multi_city_data - INFO -    Loading test cities: ['delhi']
2026-04-25 01:17:41,326 - airpollution.multi_city_data - INFO - ✓ Filtered 120 rows for delhi (22.2% of total)
2026-04-25 01:17:41,327 - airpollution.multi_city_data - INFO - ✓ Preprocessed: 120 → 120 rows (100.0% retained)
2026-04-25 01:17:41,327 - airpollution.multi_city_data - INFO -    ✓ Combined test data: 120 rows
2026-04-25 01:17:41,327 - airpollution.multi_city_data - INFO -    Using temporal split (80/20)
2026-04-25 01:17:41,327 - airpollution.multi_city_data - WARNING -    ⚠ No timestamp column; using day_of_year for temporal sort
2026-04-25 01:17:41,327 - airpollution.multi_city_data - INFO - ✓ Scenario 'delhi_standalone' split complete:
    Train: 96 samples
    Test:  24 samples
2026-04-25 01:17:41,327 - __main__ - INFO - 
  🤖 Training: linear_regression
2026-04-25 01:17:41,328 - airpollution.models.factory - INFO - Creating linear_regression with hyperparams: {}
2026-04-25 01:17:41,328 - airpollution.models.factory - INFO - Fitting LinearRegression with 96 samples, 8 features
2026-04-25 01:17:41,329 - airpollution.models.factory - INFO - ✓ LinearRegression fitted. R² (train): 0.3160
2026-04-25 01:17:41,329 - airpollution.models.factory - INFO - ✓ LinearRegression saved to artifacts/models/delhi_standalone/linear_regression/model.joblib
2026-04-25 01:17:41,329 - __main__ - INFO -     ✓ Saved to artifacts/models/delhi_standalone/linear_regression/model.joblib
2026-04-25 01:17:41,330 - __main__ - INFO -     ✓ Feature importance saved
2026-04-25 01:17:41,330 - __main__ - INFO - 
  🤖 Training: random_forest
2026-04-25 01:17:41,330 - airpollution.models.factory - INFO - Creating random_forest with hyperparams: {'n_estimators': 100, 'max_depth': 15, 'random_state': 42, 'n_jobs': -1}
2026-04-25 01:17:41,330 - airpollution.models.factory - ERROR - Invalid hyperparameters for random_forest: RandomForestRegressor.__init__() got an unexpected keyword argument 'n_jobs'
2026-04-25 01:17:41,330 - __main__ - ERROR -     ✗ Training failed for random_forest: RandomForestRegressor.__init__() got an unexpected keyword argument 'n_jobs'
2026-04-25 01:17:41,330 - __main__ - INFO - 
  🤖 Training: xgboost
2026-04-25 01:17:41,330 - airpollution.models.factory - INFO - Creating xgboost with hyperparams: {'n_estimators': 200, 'max_depth': 7, 'learning_rate': 0.1, 'random_state': 42, 'n_jobs': -1}
2026-04-25 01:17:41,330 - airpollution.models.factory - ERROR - Invalid hyperparameters for xgboost: XGBoostRegressor.__init__() got an unexpected keyword argument 'n_jobs'
2026-04-25 01:17:41,330 - __main__ - ERROR -     ✗ Training failed for xgboost: XGBoostRegressor.__init__() got an unexpected keyword argument 'n_jobs'
2026-04-25 01:17:41,330 - __main__ - INFO - 
  🤖 Training: lightgbm
2026-04-25 01:17:41,330 - airpollution.models.factory - INFO - Creating lightgbm with hyperparams: {'n_estimators': 200, 'max_depth': 7, 'learning_rate': 0.1, 'random_state': 42, 'num_leaves': 31}
2026-04-25 01:17:41,330 - airpollution.models.factory - INFO - Fitting LightGBM (n_estimators=200, num_leaves=31) with 96 samples
2026-04-25 01:17:41,411 - airpollution.models.factory - INFO - ✓ LightGBM fitted. R² (train): 0.8501
2026-04-25 01:17:41,413 - airpollution.models.factory - INFO - ✓ LightGBM saved to artifacts/models/delhi_standalone/lightgbm/model.joblib
2026-04-25 01:17:41,413 - __main__ - INFO -     ✓ Saved to artifacts/models/delhi_standalone/lightgbm/model.joblib
2026-04-25 01:17:41,414 - __main__ - INFO -     ✓ Feature importance saved
2026-04-25 01:17:41,414 - __main__ - INFO - 
  🤖 Training: neural_network
2026-04-25 01:17:41,414 - airpollution.models.factory - INFO - Creating neural_network with hyperparams: {'hidden_layers': [64, 32], 'dropout_rate': 0.3, 'epochs': 50, 'batch_size': 32, 'validation_split': 0.2, 'random_state': 42}
2026-04-25 01:17:41,414 - airpollution.models.factory - INFO - Fitting Neural Network (2 hidden layers) with 96 samples, 8 features
2026-04-25 01:17:42,974 - airpollution.models.factory - INFO - ✓ Neural Network fitted. Final training loss: 6870.2173
2026-04-25 01:17:42,974 - absl - WARNING - You are saving your model as an HDF5 file via `model.save()` or `keras.saving.save_model(model)`. This file format is considered legacy. We recommend using instead the native Keras format, e.g. `model.save('my_model.keras')` or `keras.saving.save_model(model, 'my_model.keras')`. 
2026-04-25 01:17:42,980 - airpollution.models.factory - INFO - ✓ Neural Network saved to artifacts/models/delhi_standalone/neural_network/model.h5 and metadata to artifacts/models/delhi_standalone/neural_network/model.joblib
2026-04-25 01:17:42,980 - __main__ - INFO -     ✓ Saved to artifacts/models/delhi_standalone/neural_network/model.joblib
2026-04-25 01:17:42,980 - airpollution.models.factory - WARNING - Neural Network feature importance computed via gradient-based approximation
2026-04-25 01:17:42,996 - __main__ - INFO -     ✓ Feature importance saved
2026-04-25 01:17:42,996 - __main__ - INFO - 
✓ Scenario complete: 3 models trained
2026-04-25 01:17:42,996 - __main__ - INFO - 
============================================================
2026-04-25 01:17:42,996 - __main__ - INFO - 🎯 TRAINING SCENARIO: mumbai_standalone
2026-04-25 01:17:42,996 - __main__ - INFO - ============================================================
2026-04-25 01:17:42,996 - airpollution.multi_city_data - INFO - 🎯 Splitting data for scenario: mumbai_standalone
2026-04-25 01:17:42,996 - airpollution.multi_city_data - INFO -    Description: Train and test on Mumbai only
2026-04-25 01:17:42,996 - airpollution.multi_city_data - INFO -    Loading training cities: ['mumbai']
2026-04-25 01:17:42,997 - airpollution.multi_city_data - INFO - ✓ Filtered 120 rows for mumbai (22.2% of total)
2026-04-25 01:17:42,997 - airpollution.multi_city_data - INFO - ✓ Preprocessed: 120 → 120 rows (100.0% retained)
2026-04-25 01:17:42,997 - airpollution.multi_city_data - INFO -    ✓ Combined training data: 120 rows
2026-04-25 01:17:42,997 - airpollution.multi_city_data - INFO -    Loading test cities: ['mumbai']
2026-04-25 01:17:42,998 - airpollution.multi_city_data - INFO - ✓ Filtered 120 rows for mumbai (22.2% of total)
2026-04-25 01:17:42,998 - airpollution.multi_city_data - INFO - ✓ Preprocessed: 120 → 120 rows (100.0% retained)
2026-04-25 01:17:42,998 - airpollution.multi_city_data - INFO -    ✓ Combined test data: 120 rows
2026-04-25 01:17:42,998 - airpollution.multi_city_data - INFO -    Using temporal split (80/20)
2026-04-25 01:17:42,998 - airpollution.multi_city_data - WARNING -    ⚠ No timestamp column; using day_of_year for temporal sort
2026-04-25 01:17:42,999 - airpollution.multi_city_data - INFO - ✓ Scenario 'mumbai_standalone' split complete:
    Train: 96 samples
    Test:  24 samples
2026-04-25 01:17:42,999 - __main__ - INFO - 
  🤖 Training: linear_regression
2026-04-25 01:17:42,999 - airpollution.models.factory - INFO - Creating linear_regression with hyperparams: {}
2026-04-25 01:17:42,999 - airpollution.models.factory - INFO - Fitting LinearRegression with 96 samples, 8 features
2026-04-25 01:17:43,000 - airpollution.models.factory - INFO - ✓ LinearRegression fitted. R² (train): 0.5165
2026-04-25 01:17:43,000 - airpollution.models.factory - INFO - ✓ LinearRegression saved to artifacts/models/mumbai_standalone/linear_regression/model.joblib
2026-04-25 01:17:43,000 - __main__ - INFO -     ✓ Saved to artifacts/models/mumbai_standalone/linear_regression/model.joblib
2026-04-25 01:17:43,000 - __main__ - INFO -     ✓ Feature importance saved
2026-04-25 01:17:43,000 - __main__ - INFO - 
  🤖 Training: random_forest
2026-04-25 01:17:43,000 - airpollution.models.factory - INFO - Creating random_forest with hyperparams: {'n_estimators': 100, 'max_depth': 15, 'random_state': 42, 'n_jobs': -1}
2026-04-25 01:17:43,000 - airpollution.models.factory - ERROR - Invalid hyperparameters for random_forest: RandomForestRegressor.__init__() got an unexpected keyword argument 'n_jobs'
2026-04-25 01:17:43,000 - __main__ - ERROR -     ✗ Training failed for random_forest: RandomForestRegressor.__init__() got an unexpected keyword argument 'n_jobs'
2026-04-25 01:17:43,000 - __main__ - INFO - 
  🤖 Training: xgboost
2026-04-25 01:17:43,000 - airpollution.models.factory - INFO - Creating xgboost with hyperparams: {'n_estimators': 200, 'max_depth': 7, 'learning_rate': 0.1, 'random_state': 42, 'n_jobs': -1}
2026-04-25 01:17:43,000 - airpollution.models.factory - ERROR - Invalid hyperparameters for xgboost: XGBoostRegressor.__init__() got an unexpected keyword argument 'n_jobs'
2026-04-25 01:17:43,000 - __main__ - ERROR -     ✗ Training failed for xgboost: XGBoostRegressor.__init__() got an unexpected keyword argument 'n_jobs'
2026-04-25 01:17:43,000 - __main__ - INFO - 
  🤖 Training: lightgbm
2026-04-25 01:17:43,000 - airpollution.models.factory - INFO - Creating lightgbm with hyperparams: {'n_estimators': 200, 'max_depth': 7, 'learning_rate': 0.1, 'random_state': 42, 'num_leaves': 31}
2026-04-25 01:17:43,001 - airpollution.models.factory - INFO - Fitting LightGBM (n_estimators=200, num_leaves=31) with 96 samples
2026-04-25 01:17:43,069 - airpollution.models.factory - INFO - ✓ LightGBM fitted. R² (train): 0.8937
2026-04-25 01:17:43,070 - airpollution.models.factory - INFO - ✓ LightGBM saved to artifacts/models/mumbai_standalone/lightgbm/model.joblib
2026-04-25 01:17:43,070 - __main__ - INFO -     ✓ Saved to artifacts/models/mumbai_standalone/lightgbm/model.joblib
2026-04-25 01:17:43,070 - __main__ - INFO -     ✓ Feature importance saved
2026-04-25 01:17:43,070 - __main__ - INFO - 
  🤖 Training: neural_network
2026-04-25 01:17:43,070 - airpollution.models.factory - INFO - Creating neural_network with hyperparams: {'hidden_layers': [64, 32], 'dropout_rate': 0.3, 'epochs': 50, 'batch_size': 32, 'validation_split': 0.2, 'random_state': 42}
2026-04-25 01:17:43,070 - airpollution.models.factory - INFO - Fitting Neural Network (2 hidden layers) with 96 samples, 8 features
2026-04-25 01:17:44,650 - airpollution.models.factory - INFO - ✓ Neural Network fitted. Final training loss: 4187.0010
2026-04-25 01:17:44,650 - absl - WARNING - You are saving your model as an HDF5 file via `model.save()` or `keras.saving.save_model(model)`. This file format is considered legacy. We recommend using instead the native Keras format, e.g. `model.save('my_model.keras')` or `keras.saving.save_model(model, 'my_model.keras')`. 
2026-04-25 01:17:44,655 - airpollution.models.factory - INFO - ✓ Neural Network saved to artifacts/models/mumbai_standalone/neural_network/model.h5 and metadata to artifacts/models/mumbai_standalone/neural_network/model.joblib
2026-04-25 01:17:44,655 - __main__ - INFO -     ✓ Saved to artifacts/models/mumbai_standalone/neural_network/model.joblib
2026-04-25 01:17:44,655 - airpollution.models.factory - WARNING - Neural Network feature importance computed via gradient-based approximation
2026-04-25 01:17:44,671 - __main__ - INFO -     ✓ Feature importance saved
2026-04-25 01:17:44,671 - __main__ - INFO - 
✓ Scenario complete: 3 models trained
2026-04-25 01:17:44,671 - __main__ - INFO - 
============================================================
2026-04-25 01:17:44,672 - __main__ - INFO - 🎯 TRAINING SCENARIO: delhi_to_mumbai
2026-04-25 01:17:44,672 - __main__ - INFO - ============================================================
2026-04-25 01:17:44,672 - airpollution.multi_city_data - INFO - 🎯 Splitting data for scenario: delhi_to_mumbai
2026-04-25 01:17:44,672 - airpollution.multi_city_data - INFO -    Description: Train on Delhi, test on completely unseen Mumbai (robustness test)
2026-04-25 01:17:44,672 - airpollution.multi_city_data - INFO -    Loading training cities: ['delhi']
2026-04-25 01:17:44,672 - airpollution.multi_city_data - INFO - ✓ Filtered 120 rows for delhi (22.2% of total)
2026-04-25 01:17:44,673 - airpollution.multi_city_data - INFO - ✓ Preprocessed: 120 → 120 rows (100.0% retained)
2026-04-25 01:17:44,673 - airpollution.multi_city_data - INFO -    ✓ Combined training data: 120 rows
2026-04-25 01:17:44,673 - airpollution.multi_city_data - INFO -    Loading test cities: ['mumbai']
2026-04-25 01:17:44,673 - airpollution.multi_city_data - INFO - ✓ Filtered 120 rows for mumbai (22.2% of total)
2026-04-25 01:17:44,673 - airpollution.multi_city_data - INFO - ✓ Preprocessed: 120 → 120 rows (100.0% retained)
2026-04-25 01:17:44,674 - airpollution.multi_city_data - INFO -    ✓ Combined test data: 120 rows
2026-04-25 01:17:44,674 - airpollution.multi_city_data - INFO -    Using city-boundary split (all test cities are test set)
2026-04-25 01:17:44,674 - airpollution.multi_city_data - INFO - ✓ Scenario 'delhi_to_mumbai' split complete:
    Train: 120 samples
    Test:  120 samples
2026-04-25 01:17:44,674 - __main__ - INFO - 
  🤖 Training: linear_regression
2026-04-25 01:17:44,674 - airpollution.models.factory - INFO - Creating linear_regression with hyperparams: {}
2026-04-25 01:17:44,674 - airpollution.models.factory - INFO - Fitting LinearRegression with 120 samples, 8 features
2026-04-25 01:17:44,675 - airpollution.models.factory - INFO - ✓ LinearRegression fitted. R² (train): 0.3223
2026-04-25 01:17:44,675 - airpollution.models.factory - INFO - ✓ LinearRegression saved to artifacts/models/delhi_to_mumbai/linear_regression/model.joblib
2026-04-25 01:17:44,675 - __main__ - INFO -     ✓ Saved to artifacts/models/delhi_to_mumbai/linear_regression/model.joblib
2026-04-25 01:17:44,675 - __main__ - INFO -     ✓ Feature importance saved
2026-04-25 01:17:44,676 - __main__ - INFO - 
  🤖 Training: random_forest
2026-04-25 01:17:44,676 - airpollution.models.factory - INFO - Creating random_forest with hyperparams: {'n_estimators': 100, 'max_depth': 15, 'random_state': 42, 'n_jobs': -1}
2026-04-25 01:17:44,676 - airpollution.models.factory - ERROR - Invalid hyperparameters for random_forest: RandomForestRegressor.__init__() got an unexpected keyword argument 'n_jobs'
2026-04-25 01:17:44,676 - __main__ - ERROR -     ✗ Training failed for random_forest: RandomForestRegressor.__init__() got an unexpected keyword argument 'n_jobs'
2026-04-25 01:17:44,676 - __main__ - INFO - 
  🤖 Training: xgboost
2026-04-25 01:17:44,676 - airpollution.models.factory - INFO - Creating xgboost with hyperparams: {'n_estimators': 200, 'max_depth': 7, 'learning_rate': 0.1, 'random_state': 42, 'n_jobs': -1}
2026-04-25 01:17:44,676 - airpollution.models.factory - ERROR - Invalid hyperparameters for xgboost: XGBoostRegressor.__init__() got an unexpected keyword argument 'n_jobs'
2026-04-25 01:17:44,676 - __main__ - ERROR -     ✗ Training failed for xgboost: XGBoostRegressor.__init__() got an unexpected keyword argument 'n_jobs'
2026-04-25 01:17:44,676 - __main__ - INFO - 
  🤖 Training: lightgbm
2026-04-25 01:17:44,676 - airpollution.models.factory - INFO - Creating lightgbm with hyperparams: {'n_estimators': 200, 'max_depth': 7, 'learning_rate': 0.1, 'random_state': 42, 'num_leaves': 31}
2026-04-25 01:17:44,676 - airpollution.models.factory - INFO - Fitting LightGBM (n_estimators=200, num_leaves=31) with 120 samples
2026-04-25 01:17:44,765 - airpollution.models.factory - INFO - ✓ LightGBM fitted. R² (train): 0.8954
2026-04-25 01:17:44,767 - airpollution.models.factory - INFO - ✓ LightGBM saved to artifacts/models/delhi_to_mumbai/lightgbm/model.joblib
2026-04-25 01:17:44,767 - __main__ - INFO -     ✓ Saved to artifacts/models/delhi_to_mumbai/lightgbm/model.joblib
2026-04-25 01:17:44,768 - __main__ - INFO -     ✓ Feature importance saved
2026-04-25 01:17:44,768 - __main__ - INFO - 
  🤖 Training: neural_network
2026-04-25 01:17:44,768 - airpollution.models.factory - INFO - Creating neural_network with hyperparams: {'hidden_layers': [64, 32], 'dropout_rate': 0.3, 'epochs': 50, 'batch_size': 32, 'validation_split': 0.2, 'random_state': 42}
2026-04-25 01:17:44,768 - airpollution.models.factory - INFO - Fitting Neural Network (2 hidden layers) with 120 samples, 8 features
2026-04-25 01:17:46,252 - airpollution.models.factory - INFO - ✓ Neural Network fitted. Final training loss: 6901.1616
2026-04-25 01:17:46,252 - absl - WARNING - You are saving your model as an HDF5 file via `model.save()` or `keras.saving.save_model(model)`. This file format is considered legacy. We recommend using instead the native Keras format, e.g. `model.save('my_model.keras')` or `keras.saving.save_model(model, 'my_model.keras')`. 
2026-04-25 01:17:46,257 - airpollution.models.factory - INFO - ✓ Neural Network saved to artifacts/models/delhi_to_mumbai/neural_network/model.h5 and metadata to artifacts/models/delhi_to_mumbai/neural_network/model.joblib
2026-04-25 01:17:46,257 - __main__ - INFO -     ✓ Saved to artifacts/models/delhi_to_mumbai/neural_network/model.joblib
2026-04-25 01:17:46,257 - airpollution.models.factory - WARNING - Neural Network feature importance computed via gradient-based approximation
2026-04-25 01:17:46,273 - __main__ - INFO -     ✓ Feature importance saved
2026-04-25 01:17:46,273 - __main__ - INFO - 
✓ Scenario complete: 3 models trained
2026-04-25 01:17:46,273 - __main__ - INFO - 
============================================================
2026-04-25 01:17:46,273 - __main__ - INFO - 🎯 TRAINING SCENARIO: mumbai_to_delhi
2026-04-25 01:17:46,273 - __main__ - INFO - ============================================================
2026-04-25 01:17:46,273 - airpollution.multi_city_data - INFO - 🎯 Splitting data for scenario: mumbai_to_delhi
2026-04-25 01:17:46,273 - airpollution.multi_city_data - INFO -    Description: Train on Mumbai, test on completely unseen Delhi
2026-04-25 01:17:46,273 - airpollution.multi_city_data - INFO -    Loading training cities: ['mumbai']
2026-04-25 01:17:46,274 - airpollution.multi_city_data - INFO - ✓ Filtered 120 rows for mumbai (22.2% of total)
2026-04-25 01:17:46,274 - airpollution.multi_city_data - INFO - ✓ Preprocessed: 120 → 120 rows (100.0% retained)
2026-04-25 01:17:46,274 - airpollution.multi_city_data - INFO -    ✓ Combined training data: 120 rows
2026-04-25 01:17:46,274 - airpollution.multi_city_data - INFO -    Loading test cities: ['delhi']
2026-04-25 01:17:46,275 - airpollution.multi_city_data - INFO - ✓ Filtered 120 rows for delhi (22.2% of total)
2026-04-25 01:17:46,275 - airpollution.multi_city_data - INFO - ✓ Preprocessed: 120 → 120 rows (100.0% retained)
2026-04-25 01:17:46,275 - airpollution.multi_city_data - INFO -    ✓ Combined test data: 120 rows
2026-04-25 01:17:46,275 - airpollution.multi_city_data - INFO -    Using city-boundary split (all test cities are test set)
2026-04-25 01:17:46,276 - airpollution.multi_city_data - INFO - ✓ Scenario 'mumbai_to_delhi' split complete:
    Train: 120 samples
    Test:  120 samples
2026-04-25 01:17:46,276 - __main__ - INFO - 
  🤖 Training: linear_regression
2026-04-25 01:17:46,276 - airpollution.models.factory - INFO - Creating linear_regression with hyperparams: {}
2026-04-25 01:17:46,276 - airpollution.models.factory - INFO - Fitting LinearRegression with 120 samples, 8 features
2026-04-25 01:17:46,277 - airpollution.models.factory - INFO - ✓ LinearRegression fitted. R² (train): 0.5067
2026-04-25 01:17:46,277 - airpollution.models.factory - INFO - ✓ LinearRegression saved to artifacts/models/mumbai_to_delhi/linear_regression/model.joblib
2026-04-25 01:17:46,277 - __main__ - INFO -     ✓ Saved to artifacts/models/mumbai_to_delhi/linear_regression/model.joblib
2026-04-25 01:17:46,277 - __main__ - INFO -     ✓ Feature importance saved
2026-04-25 01:17:46,277 - __main__ - INFO - 
  🤖 Training: random_forest
2026-04-25 01:17:46,277 - airpollution.models.factory - INFO - Creating random_forest with hyperparams: {'n_estimators': 100, 'max_depth': 15, 'random_state': 42, 'n_jobs': -1}
2026-04-25 01:17:46,277 - airpollution.models.factory - ERROR - Invalid hyperparameters for random_forest: RandomForestRegressor.__init__() got an unexpected keyword argument 'n_jobs'
2026-04-25 01:17:46,277 - __main__ - ERROR -     ✗ Training failed for random_forest: RandomForestRegressor.__init__() got an unexpected keyword argument 'n_jobs'
2026-04-25 01:17:46,277 - __main__ - INFO - 
  🤖 Training: xgboost
2026-04-25 01:17:46,277 - airpollution.models.factory - INFO - Creating xgboost with hyperparams: {'n_estimators': 200, 'max_depth': 7, 'learning_rate': 0.1, 'random_state': 42, 'n_jobs': -1}
2026-04-25 01:17:46,277 - airpollution.models.factory - ERROR - Invalid hyperparameters for xgboost: XGBoostRegressor.__init__() got an unexpected keyword argument 'n_jobs'
2026-04-25 01:17:46,277 - __main__ - ERROR -     ✗ Training failed for xgboost: XGBoostRegressor.__init__() got an unexpected keyword argument 'n_jobs'
2026-04-25 01:17:46,277 - __main__ - INFO - 
  🤖 Training: lightgbm
2026-04-25 01:17:46,277 - airpollution.models.factory - INFO - Creating lightgbm with hyperparams: {'n_estimators': 200, 'max_depth': 7, 'learning_rate': 0.1, 'random_state': 42, 'num_leaves': 31}
2026-04-25 01:17:46,277 - airpollution.models.factory - INFO - Fitting LightGBM (n_estimators=200, num_leaves=31) with 120 samples
2026-04-25 01:17:46,365 - airpollution.models.factory - INFO - ✓ LightGBM fitted. R² (train): 0.9228
2026-04-25 01:17:46,366 - airpollution.models.factory - INFO - ✓ LightGBM saved to artifacts/models/mumbai_to_delhi/lightgbm/model.joblib
2026-04-25 01:17:46,366 - __main__ - INFO -     ✓ Saved to artifacts/models/mumbai_to_delhi/lightgbm/model.joblib
2026-04-25 01:17:46,366 - __main__ - INFO -     ✓ Feature importance saved
2026-04-25 01:17:46,366 - __main__ - INFO - 
  🤖 Training: neural_network
2026-04-25 01:17:46,366 - airpollution.models.factory - INFO - Creating neural_network with hyperparams: {'hidden_layers': [64, 32], 'dropout_rate': 0.3, 'epochs': 50, 'batch_size': 32, 'validation_split': 0.2, 'random_state': 42}
2026-04-25 01:17:46,367 - airpollution.models.factory - INFO - Fitting Neural Network (2 hidden layers) with 120 samples, 8 features
2026-04-25 01:17:47,849 - airpollution.models.factory - INFO - ✓ Neural Network fitted. Final training loss: 4445.3398
2026-04-25 01:17:47,849 - absl - WARNING - You are saving your model as an HDF5 file via `model.save()` or `keras.saving.save_model(model)`. This file format is considered legacy. We recommend using instead the native Keras format, e.g. `model.save('my_model.keras')` or `keras.saving.save_model(model, 'my_model.keras')`. 
2026-04-25 01:17:47,854 - airpollution.models.factory - INFO - ✓ Neural Network saved to artifacts/models/mumbai_to_delhi/neural_network/model.h5 and metadata to artifacts/models/mumbai_to_delhi/neural_network/model.joblib
2026-04-25 01:17:47,854 - __main__ - INFO -     ✓ Saved to artifacts/models/mumbai_to_delhi/neural_network/model.joblib
2026-04-25 01:17:47,854 - airpollution.models.factory - WARNING - Neural Network feature importance computed via gradient-based approximation
2026-04-25 01:17:47,870 - __main__ - INFO -     ✓ Feature importance saved
2026-04-25 01:17:47,870 - __main__ - INFO - 
✓ Scenario complete: 3 models trained
2026-04-25 01:17:47,870 - __main__ - INFO - 
============================================================
2026-04-25 01:17:47,870 - __main__ - INFO - 🎯 TRAINING SCENARIO: multi_city_to_mumbai
2026-04-25 01:17:47,870 - __main__ - INFO - ============================================================
2026-04-25 01:17:47,870 - airpollution.multi_city_data - INFO - 🎯 Splitting data for scenario: multi_city_to_mumbai
2026-04-25 01:17:47,870 - airpollution.multi_city_data - INFO -    Description: Train on Delhi+Bangalore+Hyderabad, test on isolated Mumbai
2026-04-25 01:17:47,870 - airpollution.multi_city_data - INFO -    Loading training cities: ['delhi', 'bangalore', 'hyderabad']
2026-04-25 01:17:47,870 - airpollution.multi_city_data - INFO - ✓ Filtered 120 rows for delhi (22.2% of total)
2026-04-25 01:17:47,871 - airpollution.multi_city_data - INFO - ✓ Preprocessed: 120 → 120 rows (100.0% retained)
2026-04-25 01:17:47,871 - airpollution.multi_city_data - INFO - ✓ Filtered 61 rows for bangalore (11.3% of total)
2026-04-25 01:17:47,872 - airpollution.multi_city_data - INFO - ✓ Preprocessed: 61 → 61 rows (100.0% retained)
2026-04-25 01:17:47,872 - airpollution.multi_city_data - INFO - ✓ Filtered 50 rows for hyderabad (9.3% of total)
2026-04-25 01:17:47,873 - airpollution.multi_city_data - INFO - ✓ Preprocessed: 50 → 50 rows (100.0% retained)
2026-04-25 01:17:47,873 - airpollution.multi_city_data - INFO -    ✓ Combined training data: 231 rows
2026-04-25 01:17:47,873 - airpollution.multi_city_data - INFO -    Loading test cities: ['mumbai']
2026-04-25 01:17:47,873 - airpollution.multi_city_data - INFO - ✓ Filtered 120 rows for mumbai (22.2% of total)
2026-04-25 01:17:47,874 - airpollution.multi_city_data - INFO - ✓ Preprocessed: 120 → 120 rows (100.0% retained)
2026-04-25 01:17:47,874 - airpollution.multi_city_data - INFO -    ✓ Combined test data: 120 rows
2026-04-25 01:17:47,874 - airpollution.multi_city_data - INFO -    Using city-boundary split (all test cities are test set)
2026-04-25 01:17:47,874 - airpollution.multi_city_data - INFO - ✓ Scenario 'multi_city_to_mumbai' split complete:
    Train: 231 samples
    Test:  120 samples
2026-04-25 01:17:47,874 - __main__ - INFO - 
  🤖 Training: linear_regression
2026-04-25 01:17:47,874 - airpollution.models.factory - INFO - Creating linear_regression with hyperparams: {}
2026-04-25 01:17:47,874 - airpollution.models.factory - INFO - Fitting LinearRegression with 231 samples, 8 features
2026-04-25 01:17:47,876 - airpollution.models.factory - INFO - ✓ LinearRegression fitted. R² (train): 0.5881
2026-04-25 01:17:47,876 - airpollution.models.factory - INFO - ✓ LinearRegression saved to artifacts/models/multi_city_to_mumbai/linear_regression/model.joblib
2026-04-25 01:17:47,876 - __main__ - INFO -     ✓ Saved to artifacts/models/multi_city_to_mumbai/linear_regression/model.joblib
2026-04-25 01:17:47,877 - __main__ - INFO -     ✓ Feature importance saved
2026-04-25 01:17:47,877 - __main__ - INFO - 
  🤖 Training: random_forest
2026-04-25 01:17:47,877 - airpollution.models.factory - INFO - Creating random_forest with hyperparams: {'n_estimators': 100, 'max_depth': 15, 'random_state': 42, 'n_jobs': -1}
2026-04-25 01:17:47,877 - airpollution.models.factory - ERROR - Invalid hyperparameters for random_forest: RandomForestRegressor.__init__() got an unexpected keyword argument 'n_jobs'
2026-04-25 01:17:47,877 - __main__ - ERROR -     ✗ Training failed for random_forest: RandomForestRegressor.__init__() got an unexpected keyword argument 'n_jobs'
2026-04-25 01:17:47,877 - __main__ - INFO - 
  🤖 Training: xgboost
2026-04-25 01:17:47,877 - airpollution.models.factory - INFO - Creating xgboost with hyperparams: {'n_estimators': 200, 'max_depth': 7, 'learning_rate': 0.1, 'random_state': 42, 'n_jobs': -1}
2026-04-25 01:17:47,877 - airpollution.models.factory - ERROR - Invalid hyperparameters for xgboost: XGBoostRegressor.__init__() got an unexpected keyword argument 'n_jobs'
2026-04-25 01:17:47,877 - __main__ - ERROR -     ✗ Training failed for xgboost: XGBoostRegressor.__init__() got an unexpected keyword argument 'n_jobs'
2026-04-25 01:17:47,877 - __main__ - INFO - 
  🤖 Training: lightgbm
2026-04-25 01:17:47,877 - airpollution.models.factory - INFO - Creating lightgbm with hyperparams: {'n_estimators': 200, 'max_depth': 7, 'learning_rate': 0.1, 'random_state': 42, 'num_leaves': 31}
2026-04-25 01:17:47,877 - airpollution.models.factory - INFO - Fitting LightGBM (n_estimators=200, num_leaves=31) with 231 samples
2026-04-25 01:17:48,047 - airpollution.models.factory - INFO - ✓ LightGBM fitted. R² (train): 0.9781
2026-04-25 01:17:48,049 - airpollution.models.factory - INFO - ✓ LightGBM saved to artifacts/models/multi_city_to_mumbai/lightgbm/model.joblib
2026-04-25 01:17:48,049 - __main__ - INFO -     ✓ Saved to artifacts/models/multi_city_to_mumbai/lightgbm/model.joblib
2026-04-25 01:17:48,050 - __main__ - INFO -     ✓ Feature importance saved
2026-04-25 01:17:48,050 - __main__ - INFO - 
  🤖 Training: neural_network
2026-04-25 01:17:48,050 - airpollution.models.factory - INFO - Creating neural_network with hyperparams: {'hidden_layers': [64, 32], 'dropout_rate': 0.3, 'epochs': 50, 'batch_size': 32, 'validation_split': 0.2, 'random_state': 42}
2026-04-25 01:17:48,050 - airpollution.models.factory - INFO - Fitting Neural Network (2 hidden layers) with 231 samples, 8 features
2026-04-25 01:17:49,686 - airpollution.models.factory - INFO - ✓ Neural Network fitted. Final training loss: 4177.6567
2026-04-25 01:17:49,686 - absl - WARNING - You are saving your model as an HDF5 file via `model.save()` or `keras.saving.save_model(model)`. This file format is considered legacy. We recommend using instead the native Keras format, e.g. `model.save('my_model.keras')` or `keras.saving.save_model(model, 'my_model.keras')`. 
2026-04-25 01:17:49,691 - airpollution.models.factory - INFO - ✓ Neural Network saved to artifacts/models/multi_city_to_mumbai/neural_network/model.h5 and metadata to artifacts/models/multi_city_to_mumbai/neural_network/model.joblib
2026-04-25 01:17:49,691 - __main__ - INFO -     ✓ Saved to artifacts/models/multi_city_to_mumbai/neural_network/model.joblib
2026-04-25 01:17:49,691 - airpollution.models.factory - WARNING - Neural Network feature importance computed via gradient-based approximation
2026-04-25 01:17:49,707 - __main__ - INFO -     ✓ Feature importance saved
2026-04-25 01:17:49,707 - __main__ - INFO - 
✓ Scenario complete: 3 models trained
2026-04-25 01:17:49,707 - __main__ - INFO - 
============================================================
2026-04-25 01:17:49,707 - __main__ - INFO - 🎯 TRAINING SCENARIO: all_except_bangalore_to_bangalore
2026-04-25 01:17:49,707 - __main__ - INFO - ============================================================
2026-04-25 01:17:49,707 - airpollution.multi_city_data - INFO - 🎯 Splitting data for scenario: all_except_bangalore_to_bangalore
2026-04-25 01:17:49,707 - airpollution.multi_city_data - INFO -    Description: Train on 4 cities, test on isolated Bangalore
2026-04-25 01:17:49,707 - airpollution.multi_city_data - INFO -    Loading training cities: ['delhi', 'mumbai', 'kolkata', 'hyderabad']
2026-04-25 01:17:49,708 - airpollution.multi_city_data - INFO - ✓ Filtered 120 rows for delhi (22.2% of total)
2026-04-25 01:17:49,708 - airpollution.multi_city_data - INFO - ✓ Preprocessed: 120 → 120 rows (100.0% retained)
2026-04-25 01:17:49,709 - airpollution.multi_city_data - INFO - ✓ Filtered 120 rows for mumbai (22.2% of total)
2026-04-25 01:17:49,709 - airpollution.multi_city_data - INFO - ✓ Preprocessed: 120 → 120 rows (100.0% retained)
2026-04-25 01:17:49,709 - airpollution.multi_city_data - INFO - ✓ Filtered 45 rows for kolkata (8.3% of total)
2026-04-25 01:17:49,710 - airpollution.multi_city_data - INFO - ✓ Preprocessed: 45 → 45 rows (100.0% retained)
2026-04-25 01:17:49,710 - airpollution.multi_city_data - INFO - ✓ Filtered 50 rows for hyderabad (9.3% of total)
2026-04-25 01:17:49,711 - airpollution.multi_city_data - INFO - ✓ Preprocessed: 50 → 50 rows (100.0% retained)
2026-04-25 01:17:49,711 - airpollution.multi_city_data - INFO -    ✓ Combined training data: 335 rows
2026-04-25 01:17:49,711 - airpollution.multi_city_data - INFO -    Loading test cities: ['bangalore']
2026-04-25 01:17:49,711 - airpollution.multi_city_data - INFO - ✓ Filtered 61 rows for bangalore (11.3% of total)
2026-04-25 01:17:49,711 - airpollution.multi_city_data - INFO - ✓ Preprocessed: 61 → 61 rows (100.0% retained)
2026-04-25 01:17:49,711 - airpollution.multi_city_data - INFO -    ✓ Combined test data: 61 rows
2026-04-25 01:17:49,711 - airpollution.multi_city_data - INFO -    Using city-boundary split (all test cities are test set)
2026-04-25 01:17:49,712 - airpollution.multi_city_data - INFO - ✓ Scenario 'all_except_bangalore_to_bangalore' split complete:
    Train: 335 samples
    Test:  61 samples
2026-04-25 01:17:49,712 - __main__ - INFO - 
  🤖 Training: linear_regression
2026-04-25 01:17:49,712 - airpollution.models.factory - INFO - Creating linear_regression with hyperparams: {}
2026-04-25 01:17:49,712 - airpollution.models.factory - INFO - Fitting LinearRegression with 335 samples, 8 features
2026-04-25 01:17:49,713 - airpollution.models.factory - INFO - ✓ LinearRegression fitted. R² (train): 0.5206
2026-04-25 01:17:49,713 - airpollution.models.factory - INFO - ✓ LinearRegression saved to artifacts/models/all_except_bangalore_to_bangalore/linear_regression/model.joblib
2026-04-25 01:17:49,713 - __main__ - INFO -     ✓ Saved to artifacts/models/all_except_bangalore_to_bangalore/linear_regression/model.joblib
2026-04-25 01:17:49,713 - __main__ - INFO -     ✓ Feature importance saved
2026-04-25 01:17:49,713 - __main__ - INFO - 
  🤖 Training: random_forest
2026-04-25 01:17:49,713 - airpollution.models.factory - INFO - Creating random_forest with hyperparams: {'n_estimators': 100, 'max_depth': 15, 'random_state': 42, 'n_jobs': -1}
2026-04-25 01:17:49,713 - airpollution.models.factory - ERROR - Invalid hyperparameters for random_forest: RandomForestRegressor.__init__() got an unexpected keyword argument 'n_jobs'
2026-04-25 01:17:49,713 - __main__ - ERROR -     ✗ Training failed for random_forest: RandomForestRegressor.__init__() got an unexpected keyword argument 'n_jobs'
2026-04-25 01:17:49,713 - __main__ - INFO - 
  🤖 Training: xgboost
2026-04-25 01:17:49,714 - airpollution.models.factory - INFO - Creating xgboost with hyperparams: {'n_estimators': 200, 'max_depth': 7, 'learning_rate': 0.1, 'random_state': 42, 'n_jobs': -1}
2026-04-25 01:17:49,714 - airpollution.models.factory - ERROR - Invalid hyperparameters for xgboost: XGBoostRegressor.__init__() got an unexpected keyword argument 'n_jobs'
2026-04-25 01:17:49,714 - __main__ - ERROR -     ✗ Training failed for xgboost: XGBoostRegressor.__init__() got an unexpected keyword argument 'n_jobs'
2026-04-25 01:17:49,714 - __main__ - INFO - 
  🤖 Training: lightgbm
2026-04-25 01:17:49,714 - airpollution.models.factory - INFO - Creating lightgbm with hyperparams: {'n_estimators': 200, 'max_depth': 7, 'learning_rate': 0.1, 'random_state': 42, 'num_leaves': 31}
2026-04-25 01:17:49,714 - airpollution.models.factory - INFO - Fitting LightGBM (n_estimators=200, num_leaves=31) with 335 samples
2026-04-25 01:17:49,929 - airpollution.models.factory - INFO - ✓ LightGBM fitted. R² (train): 0.9895
2026-04-25 01:17:49,930 - airpollution.models.factory - INFO - ✓ LightGBM saved to artifacts/models/all_except_bangalore_to_bangalore/lightgbm/model.joblib
2026-04-25 01:17:49,930 - __main__ - INFO -     ✓ Saved to artifacts/models/all_except_bangalore_to_bangalore/lightgbm/model.joblib
2026-04-25 01:17:49,931 - __main__ - INFO -     ✓ Feature importance saved
2026-04-25 01:17:49,931 - __main__ - INFO - 
  🤖 Training: neural_network
2026-04-25 01:17:49,931 - airpollution.models.factory - INFO - Creating neural_network with hyperparams: {'hidden_layers': [64, 32], 'dropout_rate': 0.3, 'epochs': 50, 'batch_size': 32, 'validation_split': 0.2, 'random_state': 42}
2026-04-25 01:17:49,931 - airpollution.models.factory - INFO - Fitting Neural Network (2 hidden layers) with 335 samples, 8 features
2026-04-25 01:17:51,599 - airpollution.models.factory - INFO - ✓ Neural Network fitted. Final training loss: 5647.8984
2026-04-25 01:17:51,599 - absl - WARNING - You are saving your model as an HDF5 file via `model.save()` or `keras.saving.save_model(model)`. This file format is considered legacy. We recommend using instead the native Keras format, e.g. `model.save('my_model.keras')` or `keras.saving.save_model(model, 'my_model.keras')`. 
2026-04-25 01:17:51,603 - airpollution.models.factory - INFO - ✓ Neural Network saved to artifacts/models/all_except_bangalore_to_bangalore/neural_network/model.h5 and metadata to artifacts/models/all_except_bangalore_to_bangalore/neural_network/model.joblib
2026-04-25 01:17:51,603 - __main__ - INFO -     ✓ Saved to artifacts/models/all_except_bangalore_to_bangalore/neural_network/model.joblib
2026-04-25 01:17:51,603 - airpollution.models.factory - WARNING - Neural Network feature importance computed via gradient-based approximation
2026-04-25 01:17:51,620 - __main__ - INFO -     ✓ Feature importance saved
2026-04-25 01:17:51,620 - __main__ - INFO - 
✓ Scenario complete: 3 models trained
2026-04-25 01:17:51,620 - __main__ - INFO - 
============================================================
2026-04-25 01:17:51,620 - __main__ - INFO - 🎯 TRAINING SCENARIO: full_multi_city_temporal
2026-04-25 01:17:51,620 - __main__ - INFO - ============================================================
2026-04-25 01:17:51,620 - airpollution.multi_city_data - INFO - 🎯 Splitting data for scenario: full_multi_city_temporal
2026-04-25 01:17:51,620 - airpollution.multi_city_data - INFO -    Description: Train on all 5 cities (80%), test on all 5 cities (20%) - temporal split
2026-04-25 01:17:51,620 - airpollution.multi_city_data - INFO -    Loading training cities: ['delhi', 'mumbai', 'bangalore', 'kolkata', 'hyderabad']
2026-04-25 01:17:51,620 - airpollution.multi_city_data - INFO - ✓ Filtered 120 rows for delhi (22.2% of total)
2026-04-25 01:17:51,621 - airpollution.multi_city_data - INFO - ✓ Preprocessed: 120 → 120 rows (100.0% retained)
2026-04-25 01:17:51,621 - airpollution.multi_city_data - INFO - ✓ Filtered 120 rows for mumbai (22.2% of total)
2026-04-25 01:17:51,622 - airpollution.multi_city_data - INFO - ✓ Preprocessed: 120 → 120 rows (100.0% retained)
2026-04-25 01:17:51,622 - airpollution.multi_city_data - INFO - ✓ Filtered 61 rows for bangalore (11.3% of total)
2026-04-25 01:17:51,622 - airpollution.multi_city_data - INFO - ✓ Preprocessed: 61 → 61 rows (100.0% retained)
2026-04-25 01:17:51,623 - airpollution.multi_city_data - INFO - ✓ Filtered 45 rows for kolkata (8.3% of total)
2026-04-25 01:17:51,623 - airpollution.multi_city_data - INFO - ✓ Preprocessed: 45 → 45 rows (100.0% retained)
2026-04-25 01:17:51,623 - airpollution.multi_city_data - INFO - ✓ Filtered 50 rows for hyderabad (9.3% of total)
2026-04-25 01:17:51,624 - airpollution.multi_city_data - INFO - ✓ Preprocessed: 50 → 50 rows (100.0% retained)
2026-04-25 01:17:51,624 - airpollution.multi_city_data - INFO -    ✓ Combined training data: 396 rows
2026-04-25 01:17:51,624 - airpollution.multi_city_data - INFO -    Loading test cities: ['delhi', 'mumbai', 'bangalore', 'kolkata', 'hyderabad']
2026-04-25 01:17:51,624 - airpollution.multi_city_data - INFO - ✓ Filtered 120 rows for delhi (22.2% of total)
2026-04-25 01:17:51,625 - airpollution.multi_city_data - INFO - ✓ Preprocessed: 120 → 120 rows (100.0% retained)
2026-04-25 01:17:51,625 - airpollution.multi_city_data - INFO - ✓ Filtered 120 rows for mumbai (22.2% of total)
2026-04-25 01:17:51,625 - airpollution.multi_city_data - INFO - ✓ Preprocessed: 120 → 120 rows (100.0% retained)
2026-04-25 01:17:51,626 - airpollution.multi_city_data - INFO - ✓ Filtered 61 rows for bangalore (11.3% of total)
2026-04-25 01:17:51,626 - airpollution.multi_city_data - INFO - ✓ Preprocessed: 61 → 61 rows (100.0% retained)
2026-04-25 01:17:51,626 - airpollution.multi_city_data - INFO - ✓ Filtered 45 rows for kolkata (8.3% of total)
2026-04-25 01:17:51,627 - airpollution.multi_city_data - INFO - ✓ Preprocessed: 45 → 45 rows (100.0% retained)
2026-04-25 01:17:51,627 - airpollution.multi_city_data - INFO - ✓ Filtered 50 rows for hyderabad (9.3% of total)
2026-04-25 01:17:51,627 - airpollution.multi_city_data - INFO - ✓ Preprocessed: 50 → 50 rows (100.0% retained)
2026-04-25 01:17:51,627 - airpollution.multi_city_data - INFO -    ✓ Combined test data: 396 rows
2026-04-25 01:17:51,627 - airpollution.multi_city_data - INFO -    Using temporal split (80/20)
2026-04-25 01:17:51,627 - airpollution.multi_city_data - WARNING -    ⚠ No timestamp column; using day_of_year for temporal sort
2026-04-25 01:17:51,628 - airpollution.multi_city_data - INFO - ✓ Scenario 'full_multi_city_temporal' split complete:
    Train: 316 samples
    Test:  80 samples
2026-04-25 01:17:51,628 - __main__ - INFO - 
  🤖 Training: linear_regression
2026-04-25 01:17:51,628 - airpollution.models.factory - INFO - Creating linear_regression with hyperparams: {}
2026-04-25 01:17:51,628 - airpollution.models.factory - INFO - Fitting LinearRegression with 316 samples, 8 features
2026-04-25 01:17:51,629 - airpollution.models.factory - INFO - ✓ LinearRegression fitted. R² (train): 0.5854
2026-04-25 01:17:51,629 - airpollution.models.factory - INFO - ✓ LinearRegression saved to artifacts/models/full_multi_city_temporal/linear_regression/model.joblib
2026-04-25 01:17:51,629 - __main__ - INFO -     ✓ Saved to artifacts/models/full_multi_city_temporal/linear_regression/model.joblib
2026-04-25 01:17:51,630 - __main__ - INFO -     ✓ Feature importance saved
2026-04-25 01:17:51,630 - __main__ - INFO - 
  🤖 Training: random_forest
2026-04-25 01:17:51,630 - airpollution.models.factory - INFO - Creating random_forest with hyperparams: {'n_estimators': 100, 'max_depth': 15, 'random_state': 42, 'n_jobs': -1}
2026-04-25 01:17:51,630 - airpollution.models.factory - ERROR - Invalid hyperparameters for random_forest: RandomForestRegressor.__init__() got an unexpected keyword argument 'n_jobs'
2026-04-25 01:17:51,630 - __main__ - ERROR -     ✗ Training failed for random_forest: RandomForestRegressor.__init__() got an unexpected keyword argument 'n_jobs'
2026-04-25 01:17:51,630 - __main__ - INFO - 
  🤖 Training: xgboost
2026-04-25 01:17:51,630 - airpollution.models.factory - INFO - Creating xgboost with hyperparams: {'n_estimators': 200, 'max_depth': 7, 'learning_rate': 0.1, 'random_state': 42, 'n_jobs': -1}
2026-04-25 01:17:51,630 - airpollution.models.factory - ERROR - Invalid hyperparameters for xgboost: XGBoostRegressor.__init__() got an unexpected keyword argument 'n_jobs'
2026-04-25 01:17:51,630 - __main__ - ERROR -     ✗ Training failed for xgboost: XGBoostRegressor.__init__() got an unexpected keyword argument 'n_jobs'
2026-04-25 01:17:51,630 - __main__ - INFO - 
  🤖 Training: lightgbm
2026-04-25 01:17:51,630 - airpollution.models.factory - INFO - Creating lightgbm with hyperparams: {'n_estimators': 200, 'max_depth': 7, 'learning_rate': 0.1, 'random_state': 42, 'num_leaves': 31}
2026-04-25 01:17:51,630 - airpollution.models.factory - INFO - Fitting LightGBM (n_estimators=200, num_leaves=31) with 316 samples
2026-04-25 01:17:51,835 - airpollution.models.factory - INFO - ✓ LightGBM fitted. R² (train): 0.9920
2026-04-25 01:17:51,837 - airpollution.models.factory - INFO - ✓ LightGBM saved to artifacts/models/full_multi_city_temporal/lightgbm/model.joblib
2026-04-25 01:17:51,837 - __main__ - INFO -     ✓ Saved to artifacts/models/full_multi_city_temporal/lightgbm/model.joblib
2026-04-25 01:17:51,837 - __main__ - INFO -     ✓ Feature importance saved
2026-04-25 01:17:51,837 - __main__ - INFO - 
  🤖 Training: neural_network
2026-04-25 01:17:51,837 - airpollution.models.factory - INFO - Creating neural_network with hyperparams: {'hidden_layers': [64, 32], 'dropout_rate': 0.3, 'epochs': 50, 'batch_size': 32, 'validation_split': 0.2, 'random_state': 42}
2026-04-25 01:17:51,837 - airpollution.models.factory - INFO - Fitting Neural Network (2 hidden layers) with 316 samples, 8 features
2026-04-25 01:17:53,466 - airpollution.models.factory - INFO - ✓ Neural Network fitted. Final training loss: 4043.6304
2026-04-25 01:17:53,466 - absl - WARNING - You are saving your model as an HDF5 file via `model.save()` or `keras.saving.save_model(model)`. This file format is considered legacy. We recommend using instead the native Keras format, e.g. `model.save('my_model.keras')` or `keras.saving.save_model(model, 'my_model.keras')`. 
2026-04-25 01:17:53,471 - airpollution.models.factory - INFO - ✓ Neural Network saved to artifacts/models/full_multi_city_temporal/neural_network/model.h5 and metadata to artifacts/models/full_multi_city_temporal/neural_network/model.joblib
2026-04-25 01:17:53,471 - __main__ - INFO -     ✓ Saved to artifacts/models/full_multi_city_temporal/neural_network/model.joblib
2026-04-25 01:17:53,471 - airpollution.models.factory - WARNING - Neural Network feature importance computed via gradient-based approximation
2026-04-25 01:17:53,487 - __main__ - INFO -     ✓ Feature importance saved
2026-04-25 01:17:53,487 - __main__ - INFO - 
✓ Scenario complete: 3 models trained
2026-04-25 01:17:53,487 - __main__ - INFO - 
============================================================
2026-04-25 01:17:53,487 - __main__ - INFO - ✓ TRAINING PIPELINE COMPLETE
2026-04-25 01:17:53,487 - __main__ - INFO - ============================================================
2026-04-25 01:17:53,487 - __main__ - INFO - ✓ Successfully trained: 7 scenarios
2026-04-25 01:17:53,487 - __main__ - INFO - ✓ All training complete!
2026-04-25 01:33:43,727 - airpollution.multi_city_data - INFO - ✓ Loaded configuration from configs/base.yaml
2026-04-25 01:33:43,727 - airpollution.cities - INFO - ✓ Loaded city config: delhi (National Capital Territory of Delhi)
2026-04-25 01:33:43,727 - airpollution.cities - INFO - ✓ Loaded city config: mumbai (Mumbai (Bombay))
2026-04-25 01:33:43,727 - airpollution.cities - INFO - ✓ Loaded city config: bangalore (Bangalore (Bengaluru))
2026-04-25 01:33:43,727 - airpollution.cities - INFO - ✓ Loaded city config: kolkata (Kolkata (Calcutta))
2026-04-25 01:33:43,727 - airpollution.cities - INFO - ✓ Loaded city config: hyderabad (Hyderabad)
2026-04-25 01:33:43,727 - airpollution.multi_city_data - INFO - ✓ Initialized MultiCityDataLoader with CSV: data/processed/unified_dataset.csv
2026-04-25 01:33:43,727 - __main__ - INFO - ✓ Initialized TrainingOrchestrator
2026-04-25 01:33:43,727 - __main__ - INFO -   Config: configs/base.yaml
2026-04-25 01:33:43,727 - __main__ - INFO -   Model output: artifacts/models
2026-04-25 01:33:43,727 - __main__ - INFO - 
============================================================
2026-04-25 01:33:43,727 - __main__ - INFO - 📊 STARTING TRAINING PIPELINE
2026-04-25 01:33:43,727 - __main__ - INFO - ============================================================
2026-04-25 01:33:43,727 - __main__ - INFO - Scenarios to train: 7
2026-04-25 01:33:43,727 - __main__ - INFO - Models to train per scenario: 5
2026-04-25 01:33:43,727 - __main__ - INFO - 
============================================================
2026-04-25 01:33:43,727 - __main__ - INFO - 🎯 TRAINING SCENARIO: delhi_standalone
2026-04-25 01:33:43,727 - __main__ - INFO - ============================================================
2026-04-25 01:33:43,727 - airpollution.multi_city_data - INFO - 🎯 Splitting data for scenario: delhi_standalone
2026-04-25 01:33:43,727 - airpollution.multi_city_data - INFO -    Description: Train and test on Delhi only (baseline robustness: 1.0)
2026-04-25 01:33:43,727 - airpollution.multi_city_data - INFO -    Loading training cities: ['delhi']
2026-04-25 01:33:43,727 - airpollution.multi_city_data - INFO - Loading raw data from data/processed/unified_dataset.csv...
2026-04-25 01:33:43,729 - airpollution.multi_city_data - INFO - ✓ Loaded 540 rows with 9 columns
2026-04-25 01:33:43,730 - airpollution.multi_city_data - INFO - ✓ Filtered 120 rows for delhi (22.2% of total)
2026-04-25 01:33:43,731 - airpollution.multi_city_data - INFO - ✓ Preprocessed: 120 → 120 rows (100.0% retained)
2026-04-25 01:33:43,731 - airpollution.multi_city_data - INFO -    ✓ Combined training data: 120 rows
2026-04-25 01:33:43,731 - airpollution.multi_city_data - INFO -    Loading test cities: ['delhi']
2026-04-25 01:33:43,731 - airpollution.multi_city_data - INFO - ✓ Filtered 120 rows for delhi (22.2% of total)
2026-04-25 01:33:43,732 - airpollution.multi_city_data - INFO - ✓ Preprocessed: 120 → 120 rows (100.0% retained)
2026-04-25 01:33:43,732 - airpollution.multi_city_data - INFO -    ✓ Combined test data: 120 rows
2026-04-25 01:33:43,732 - airpollution.multi_city_data - INFO -    Using temporal split (80/20)
2026-04-25 01:33:43,732 - airpollution.multi_city_data - WARNING -    ⚠ No timestamp column; using day_of_year for temporal sort
2026-04-25 01:33:43,732 - airpollution.multi_city_data - INFO - ✓ Scenario 'delhi_standalone' split complete:
    Train: 96 samples
    Test:  24 samples
2026-04-25 01:33:43,732 - __main__ - INFO - 
  🤖 Training: linear_regression
2026-04-25 01:33:43,732 - airpollution.models.factory - INFO - Creating linear_regression with hyperparams: {}
2026-04-25 01:33:43,732 - airpollution.models.factory - INFO - Fitting LinearRegression with 96 samples, 8 features
2026-04-25 01:33:43,733 - airpollution.models.factory - INFO - ✓ LinearRegression fitted. R² (train): 0.3160
2026-04-25 01:33:43,734 - airpollution.models.factory - INFO - ✓ LinearRegression saved to artifacts/models/delhi_standalone/linear_regression/model.joblib
2026-04-25 01:33:43,734 - __main__ - INFO -     ✓ Saved to artifacts/models/delhi_standalone/linear_regression/model.joblib
2026-04-25 01:33:43,734 - __main__ - INFO -     ✓ Feature importance saved
2026-04-25 01:33:43,735 - __main__ - INFO - 
  🤖 Training: random_forest
2026-04-25 01:33:43,735 - airpollution.models.factory - INFO - Creating random_forest with hyperparams: {'n_estimators': 100, 'max_depth': 15, 'random_state': 42, 'n_jobs': -1}
2026-04-25 01:33:43,735 - airpollution.models.factory - INFO - Fitting RandomForest (n_estimators=100, max_depth=15) with 96 samples
2026-04-25 01:33:43,801 - airpollution.models.factory - INFO - ✓ RandomForest fitted. R² (train): 0.8837
2026-04-25 01:33:43,808 - airpollution.models.factory - INFO - ✓ RandomForest saved to artifacts/models/delhi_standalone/random_forest/model.joblib
2026-04-25 01:33:43,808 - __main__ - INFO -     ✓ Saved to artifacts/models/delhi_standalone/random_forest/model.joblib
2026-04-25 01:33:43,822 - __main__ - INFO -     ✓ Feature importance saved
2026-04-25 01:33:43,822 - __main__ - INFO - 
  🤖 Training: xgboost
2026-04-25 01:33:43,822 - airpollution.models.factory - INFO - Creating xgboost with hyperparams: {'n_estimators': 200, 'max_depth': 7, 'learning_rate': 0.1, 'random_state': 42}
2026-04-25 01:33:43,823 - airpollution.models.factory - INFO - Fitting XGBoost (n_estimators=200, max_depth=7) with 96 samples
2026-04-25 01:33:44,100 - airpollution.models.factory - INFO - ✓ XGBoost fitted. R² (train): 1.0000
2026-04-25 01:33:44,102 - airpollution.models.factory - INFO - ✓ XGBoost saved to artifacts/models/delhi_standalone/xgboost/model.joblib
2026-04-25 01:33:44,102 - __main__ - INFO -     ✓ Saved to artifacts/models/delhi_standalone/xgboost/model.joblib
2026-04-25 01:33:44,102 - __main__ - INFO -     ✓ Feature importance saved
2026-04-25 01:33:44,102 - __main__ - INFO - 
  🤖 Training: lightgbm
2026-04-25 01:33:44,102 - airpollution.models.factory - INFO - Creating lightgbm with hyperparams: {'n_estimators': 200, 'max_depth': 7, 'learning_rate': 0.1, 'random_state': 42, 'num_leaves': 31}
2026-04-25 01:33:44,102 - airpollution.models.factory - INFO - Fitting LightGBM (n_estimators=200, num_leaves=31) with 96 samples
2026-04-25 01:33:44,168 - airpollution.models.factory - INFO - ✓ LightGBM fitted. R² (train): 0.8501
2026-04-25 01:33:44,169 - airpollution.models.factory - INFO - ✓ LightGBM saved to artifacts/models/delhi_standalone/lightgbm/model.joblib
2026-04-25 01:33:44,169 - __main__ - INFO -     ✓ Saved to artifacts/models/delhi_standalone/lightgbm/model.joblib
2026-04-25 01:33:44,170 - __main__ - INFO -     ✓ Feature importance saved
2026-04-25 01:33:44,170 - __main__ - INFO - 
  🤖 Training: neural_network
2026-04-25 01:33:44,170 - airpollution.models.factory - INFO - Creating neural_network with hyperparams: {'hidden_layers': [64, 32], 'dropout_rate': 0.3, 'epochs': 50, 'batch_size': 32, 'validation_split': 0.2, 'random_state': 42}
2026-04-25 01:33:44,170 - airpollution.models.factory - INFO - Fitting Neural Network (2 hidden layers) with 96 samples, 8 features
2026-04-25 01:33:45,728 - airpollution.models.factory - INFO - ✓ Neural Network fitted. Final training loss: 5476.1758
2026-04-25 01:33:45,728 - absl - WARNING - You are saving your model as an HDF5 file via `model.save()` or `keras.saving.save_model(model)`. This file format is considered legacy. We recommend using instead the native Keras format, e.g. `model.save('my_model.keras')` or `keras.saving.save_model(model, 'my_model.keras')`. 
2026-04-25 01:33:45,734 - airpollution.models.factory - INFO - ✓ Neural Network saved to artifacts/models/delhi_standalone/neural_network/model.h5 and metadata to artifacts/models/delhi_standalone/neural_network/model.joblib
2026-04-25 01:33:45,734 - __main__ - INFO -     ✓ Saved to artifacts/models/delhi_standalone/neural_network/model.joblib
2026-04-25 01:33:45,734 - airpollution.models.factory - WARNING - Neural Network feature importance computed via gradient-based approximation
2026-04-25 01:33:45,752 - __main__ - INFO -     ✓ Feature importance saved
2026-04-25 01:33:45,752 - __main__ - INFO - 
✓ Scenario complete: 5 models trained
2026-04-25 01:33:45,752 - __main__ - INFO - 
============================================================
2026-04-25 01:33:45,752 - __main__ - INFO - 🎯 TRAINING SCENARIO: mumbai_standalone
2026-04-25 01:33:45,752 - __main__ - INFO - ============================================================
2026-04-25 01:33:45,752 - airpollution.multi_city_data - INFO - 🎯 Splitting data for scenario: mumbai_standalone
2026-04-25 01:33:45,752 - airpollution.multi_city_data - INFO -    Description: Train and test on Mumbai only
2026-04-25 01:33:45,752 - airpollution.multi_city_data - INFO -    Loading training cities: ['mumbai']
2026-04-25 01:33:45,753 - airpollution.multi_city_data - INFO - ✓ Filtered 120 rows for mumbai (22.2% of total)
2026-04-25 01:33:45,753 - airpollution.multi_city_data - INFO - ✓ Preprocessed: 120 → 120 rows (100.0% retained)
2026-04-25 01:33:45,753 - airpollution.multi_city_data - INFO -    ✓ Combined training data: 120 rows
2026-04-25 01:33:45,753 - airpollution.multi_city_data - INFO -    Loading test cities: ['mumbai']
2026-04-25 01:33:45,754 - airpollution.multi_city_data - INFO - ✓ Filtered 120 rows for mumbai (22.2% of total)
2026-04-25 01:33:45,754 - airpollution.multi_city_data - INFO - ✓ Preprocessed: 120 → 120 rows (100.0% retained)
2026-04-25 01:33:45,754 - airpollution.multi_city_data - INFO -    ✓ Combined test data: 120 rows
2026-04-25 01:33:45,754 - airpollution.multi_city_data - INFO -    Using temporal split (80/20)
2026-04-25 01:33:45,754 - airpollution.multi_city_data - WARNING -    ⚠ No timestamp column; using day_of_year for temporal sort
2026-04-25 01:33:45,755 - airpollution.multi_city_data - INFO - ✓ Scenario 'mumbai_standalone' split complete:
    Train: 96 samples
    Test:  24 samples
2026-04-25 01:33:45,755 - __main__ - INFO - 
  🤖 Training: linear_regression
2026-04-25 01:33:45,755 - airpollution.models.factory - INFO - Creating linear_regression with hyperparams: {}
2026-04-25 01:33:45,755 - airpollution.models.factory - INFO - Fitting LinearRegression with 96 samples, 8 features
2026-04-25 01:33:45,756 - airpollution.models.factory - INFO - ✓ LinearRegression fitted. R² (train): 0.5165
2026-04-25 01:33:45,756 - airpollution.models.factory - INFO - ✓ LinearRegression saved to artifacts/models/mumbai_standalone/linear_regression/model.joblib
2026-04-25 01:33:45,756 - __main__ - INFO -     ✓ Saved to artifacts/models/mumbai_standalone/linear_regression/model.joblib
2026-04-25 01:33:45,756 - __main__ - INFO -     ✓ Feature importance saved
2026-04-25 01:33:45,756 - __main__ - INFO - 
  🤖 Training: random_forest
2026-04-25 01:33:45,756 - airpollution.models.factory - INFO - Creating random_forest with hyperparams: {'n_estimators': 100, 'max_depth': 15, 'random_state': 42, 'n_jobs': -1}
2026-04-25 01:33:45,756 - airpollution.models.factory - INFO - Fitting RandomForest (n_estimators=100, max_depth=15) with 96 samples
2026-04-25 01:33:45,801 - airpollution.models.factory - INFO - ✓ RandomForest fitted. R² (train): 0.9157
2026-04-25 01:33:45,809 - airpollution.models.factory - INFO - ✓ RandomForest saved to artifacts/models/mumbai_standalone/random_forest/model.joblib
2026-04-25 01:33:45,809 - __main__ - INFO -     ✓ Saved to artifacts/models/mumbai_standalone/random_forest/model.joblib
2026-04-25 01:33:45,823 - __main__ - INFO -     ✓ Feature importance saved
2026-04-25 01:33:45,823 - __main__ - INFO - 
  🤖 Training: xgboost
2026-04-25 01:33:45,823 - airpollution.models.factory - INFO - Creating xgboost with hyperparams: {'n_estimators': 200, 'max_depth': 7, 'learning_rate': 0.1, 'random_state': 42}
2026-04-25 01:33:45,823 - airpollution.models.factory - INFO - Fitting XGBoost (n_estimators=200, max_depth=7) with 96 samples
2026-04-25 01:33:46,090 - airpollution.models.factory - INFO - ✓ XGBoost fitted. R² (train): 1.0000
2026-04-25 01:33:46,093 - airpollution.models.factory - INFO - ✓ XGBoost saved to artifacts/models/mumbai_standalone/xgboost/model.joblib
2026-04-25 01:33:46,093 - __main__ - INFO -     ✓ Saved to artifacts/models/mumbai_standalone/xgboost/model.joblib
2026-04-25 01:33:46,093 - __main__ - INFO -     ✓ Feature importance saved
2026-04-25 01:33:46,093 - __main__ - INFO - 
  🤖 Training: lightgbm
2026-04-25 01:33:46,094 - airpollution.models.factory - INFO - Creating lightgbm with hyperparams: {'n_estimators': 200, 'max_depth': 7, 'learning_rate': 0.1, 'random_state': 42, 'num_leaves': 31}
2026-04-25 01:33:46,094 - airpollution.models.factory - INFO - Fitting LightGBM (n_estimators=200, num_leaves=31) with 96 samples
2026-04-25 01:33:46,161 - airpollution.models.factory - INFO - ✓ LightGBM fitted. R² (train): 0.8937
2026-04-25 01:33:46,163 - airpollution.models.factory - INFO - ✓ LightGBM saved to artifacts/models/mumbai_standalone/lightgbm/model.joblib
2026-04-25 01:33:46,163 - __main__ - INFO -     ✓ Saved to artifacts/models/mumbai_standalone/lightgbm/model.joblib
2026-04-25 01:33:46,164 - __main__ - INFO -     ✓ Feature importance saved
2026-04-25 01:33:46,164 - __main__ - INFO - 
  🤖 Training: neural_network
2026-04-25 01:33:46,164 - airpollution.models.factory - INFO - Creating neural_network with hyperparams: {'hidden_layers': [64, 32], 'dropout_rate': 0.3, 'epochs': 50, 'batch_size': 32, 'validation_split': 0.2, 'random_state': 42}
2026-04-25 01:33:46,164 - airpollution.models.factory - INFO - Fitting Neural Network (2 hidden layers) with 96 samples, 8 features
2026-04-25 01:33:47,937 - airpollution.models.factory - INFO - ✓ Neural Network fitted. Final training loss: 9328.7549
2026-04-25 01:33:47,937 - absl - WARNING - You are saving your model as an HDF5 file via `model.save()` or `keras.saving.save_model(model)`. This file format is considered legacy. We recommend using instead the native Keras format, e.g. `model.save('my_model.keras')` or `keras.saving.save_model(model, 'my_model.keras')`. 
2026-04-25 01:33:47,943 - airpollution.models.factory - INFO - ✓ Neural Network saved to artifacts/models/mumbai_standalone/neural_network/model.h5 and metadata to artifacts/models/mumbai_standalone/neural_network/model.joblib
2026-04-25 01:33:47,943 - __main__ - INFO -     ✓ Saved to artifacts/models/mumbai_standalone/neural_network/model.joblib
2026-04-25 01:33:47,943 - airpollution.models.factory - WARNING - Neural Network feature importance computed via gradient-based approximation
2026-04-25 01:33:47,960 - __main__ - INFO -     ✓ Feature importance saved
2026-04-25 01:33:47,960 - __main__ - INFO - 
✓ Scenario complete: 5 models trained
2026-04-25 01:33:47,960 - __main__ - INFO - 
============================================================
2026-04-25 01:33:47,960 - __main__ - INFO - 🎯 TRAINING SCENARIO: delhi_to_mumbai
2026-04-25 01:33:47,960 - __main__ - INFO - ============================================================
2026-04-25 01:33:47,960 - airpollution.multi_city_data - INFO - 🎯 Splitting data for scenario: delhi_to_mumbai
2026-04-25 01:33:47,960 - airpollution.multi_city_data - INFO -    Description: Train on Delhi, test on completely unseen Mumbai (robustness test)
2026-04-25 01:33:47,960 - airpollution.multi_city_data - INFO -    Loading training cities: ['delhi']
2026-04-25 01:33:47,961 - airpollution.multi_city_data - INFO - ✓ Filtered 120 rows for delhi (22.2% of total)
2026-04-25 01:33:47,961 - airpollution.multi_city_data - INFO - ✓ Preprocessed: 120 → 120 rows (100.0% retained)
2026-04-25 01:33:47,961 - airpollution.multi_city_data - INFO -    ✓ Combined training data: 120 rows
2026-04-25 01:33:47,961 - airpollution.multi_city_data - INFO -    Loading test cities: ['mumbai']
2026-04-25 01:33:47,962 - airpollution.multi_city_data - INFO - ✓ Filtered 120 rows for mumbai (22.2% of total)
2026-04-25 01:33:47,962 - airpollution.multi_city_data - INFO - ✓ Preprocessed: 120 → 120 rows (100.0% retained)
2026-04-25 01:33:47,962 - airpollution.multi_city_data - INFO -    ✓ Combined test data: 120 rows
2026-04-25 01:33:47,962 - airpollution.multi_city_data - INFO -    Using city-boundary split (all test cities are test set)
2026-04-25 01:33:47,963 - airpollution.multi_city_data - INFO - ✓ Scenario 'delhi_to_mumbai' split complete:
    Train: 120 samples
    Test:  120 samples
2026-04-25 01:33:47,963 - __main__ - INFO - 
  🤖 Training: linear_regression
2026-04-25 01:33:47,963 - airpollution.models.factory - INFO - Creating linear_regression with hyperparams: {}
2026-04-25 01:33:47,963 - airpollution.models.factory - INFO - Fitting LinearRegression with 120 samples, 8 features
2026-04-25 01:33:47,964 - airpollution.models.factory - INFO - ✓ LinearRegression fitted. R² (train): 0.3223
2026-04-25 01:33:47,964 - airpollution.models.factory - INFO - ✓ LinearRegression saved to artifacts/models/delhi_to_mumbai/linear_regression/model.joblib
2026-04-25 01:33:47,964 - __main__ - INFO -     ✓ Saved to artifacts/models/delhi_to_mumbai/linear_regression/model.joblib
2026-04-25 01:33:47,965 - __main__ - INFO -     ✓ Feature importance saved
2026-04-25 01:33:47,965 - __main__ - INFO - 
  🤖 Training: random_forest
2026-04-25 01:33:47,965 - airpollution.models.factory - INFO - Creating random_forest with hyperparams: {'n_estimators': 100, 'max_depth': 15, 'random_state': 42, 'n_jobs': -1}
2026-04-25 01:33:47,965 - airpollution.models.factory - INFO - Fitting RandomForest (n_estimators=100, max_depth=15) with 120 samples
2026-04-25 01:33:48,011 - airpollution.models.factory - INFO - ✓ RandomForest fitted. R² (train): 0.8845
2026-04-25 01:33:48,019 - airpollution.models.factory - INFO - ✓ RandomForest saved to artifacts/models/delhi_to_mumbai/random_forest/model.joblib
2026-04-25 01:33:48,019 - __main__ - INFO -     ✓ Saved to artifacts/models/delhi_to_mumbai/random_forest/model.joblib
2026-04-25 01:33:48,033 - __main__ - INFO -     ✓ Feature importance saved
2026-04-25 01:33:48,033 - __main__ - INFO - 
  🤖 Training: xgboost
2026-04-25 01:33:48,033 - airpollution.models.factory - INFO - Creating xgboost with hyperparams: {'n_estimators': 200, 'max_depth': 7, 'learning_rate': 0.1, 'random_state': 42}
2026-04-25 01:33:48,033 - airpollution.models.factory - INFO - Fitting XGBoost (n_estimators=200, max_depth=7) with 120 samples
2026-04-25 01:33:48,305 - airpollution.models.factory - INFO - ✓ XGBoost fitted. R² (train): 1.0000
2026-04-25 01:33:48,307 - airpollution.models.factory - INFO - ✓ XGBoost saved to artifacts/models/delhi_to_mumbai/xgboost/model.joblib
2026-04-25 01:33:48,307 - __main__ - INFO -     ✓ Saved to artifacts/models/delhi_to_mumbai/xgboost/model.joblib
2026-04-25 01:33:48,307 - __main__ - INFO -     ✓ Feature importance saved
2026-04-25 01:33:48,308 - __main__ - INFO - 
  🤖 Training: lightgbm
2026-04-25 01:33:48,308 - airpollution.models.factory - INFO - Creating lightgbm with hyperparams: {'n_estimators': 200, 'max_depth': 7, 'learning_rate': 0.1, 'random_state': 42, 'num_leaves': 31}
2026-04-25 01:33:48,308 - airpollution.models.factory - INFO - Fitting LightGBM (n_estimators=200, num_leaves=31) with 120 samples
2026-04-25 01:33:48,399 - airpollution.models.factory - INFO - ✓ LightGBM fitted. R² (train): 0.8954
2026-04-25 01:33:48,401 - airpollution.models.factory - INFO - ✓ LightGBM saved to artifacts/models/delhi_to_mumbai/lightgbm/model.joblib
2026-04-25 01:33:48,401 - __main__ - INFO -     ✓ Saved to artifacts/models/delhi_to_mumbai/lightgbm/model.joblib
2026-04-25 01:33:48,402 - __main__ - INFO -     ✓ Feature importance saved
2026-04-25 01:33:48,402 - __main__ - INFO - 
  🤖 Training: neural_network
2026-04-25 01:33:48,402 - airpollution.models.factory - INFO - Creating neural_network with hyperparams: {'hidden_layers': [64, 32], 'dropout_rate': 0.3, 'epochs': 50, 'batch_size': 32, 'validation_split': 0.2, 'random_state': 42}
2026-04-25 01:33:48,402 - airpollution.models.factory - INFO - Fitting Neural Network (2 hidden layers) with 120 samples, 8 features
2026-04-25 01:33:49,906 - airpollution.models.factory - INFO - ✓ Neural Network fitted. Final training loss: 7041.1270
2026-04-25 01:33:49,906 - absl - WARNING - You are saving your model as an HDF5 file via `model.save()` or `keras.saving.save_model(model)`. This file format is considered legacy. We recommend using instead the native Keras format, e.g. `model.save('my_model.keras')` or `keras.saving.save_model(model, 'my_model.keras')`. 
2026-04-25 01:33:49,912 - airpollution.models.factory - INFO - ✓ Neural Network saved to artifacts/models/delhi_to_mumbai/neural_network/model.h5 and metadata to artifacts/models/delhi_to_mumbai/neural_network/model.joblib
2026-04-25 01:33:49,912 - __main__ - INFO -     ✓ Saved to artifacts/models/delhi_to_mumbai/neural_network/model.joblib
2026-04-25 01:33:49,912 - airpollution.models.factory - WARNING - Neural Network feature importance computed via gradient-based approximation
2026-04-25 01:33:49,929 - __main__ - INFO -     ✓ Feature importance saved
2026-04-25 01:33:49,929 - __main__ - INFO - 
✓ Scenario complete: 5 models trained
2026-04-25 01:33:49,929 - __main__ - INFO - 
============================================================
2026-04-25 01:33:49,929 - __main__ - INFO - 🎯 TRAINING SCENARIO: mumbai_to_delhi
2026-04-25 01:33:49,929 - __main__ - INFO - ============================================================
2026-04-25 01:33:49,929 - airpollution.multi_city_data - INFO - 🎯 Splitting data for scenario: mumbai_to_delhi
2026-04-25 01:33:49,929 - airpollution.multi_city_data - INFO -    Description: Train on Mumbai, test on completely unseen Delhi
2026-04-25 01:33:49,929 - airpollution.multi_city_data - INFO -    Loading training cities: ['mumbai']
2026-04-25 01:33:49,929 - airpollution.multi_city_data - INFO - ✓ Filtered 120 rows for mumbai (22.2% of total)
2026-04-25 01:33:49,930 - airpollution.multi_city_data - INFO - ✓ Preprocessed: 120 → 120 rows (100.0% retained)
2026-04-25 01:33:49,930 - airpollution.multi_city_data - INFO -    ✓ Combined training data: 120 rows
2026-04-25 01:33:49,930 - airpollution.multi_city_data - INFO -    Loading test cities: ['delhi']
2026-04-25 01:33:49,930 - airpollution.multi_city_data - INFO - ✓ Filtered 120 rows for delhi (22.2% of total)
2026-04-25 01:33:49,931 - airpollution.multi_city_data - INFO - ✓ Preprocessed: 120 → 120 rows (100.0% retained)
2026-04-25 01:33:49,931 - airpollution.multi_city_data - INFO -    ✓ Combined test data: 120 rows
2026-04-25 01:33:49,931 - airpollution.multi_city_data - INFO -    Using city-boundary split (all test cities are test set)
2026-04-25 01:33:49,931 - airpollution.multi_city_data - INFO - ✓ Scenario 'mumbai_to_delhi' split complete:
    Train: 120 samples
    Test:  120 samples
2026-04-25 01:33:49,931 - __main__ - INFO - 
  🤖 Training: linear_regression
2026-04-25 01:33:49,931 - airpollution.models.factory - INFO - Creating linear_regression with hyperparams: {}
2026-04-25 01:33:49,931 - airpollution.models.factory - INFO - Fitting LinearRegression with 120 samples, 8 features
2026-04-25 01:33:49,932 - airpollution.models.factory - INFO - ✓ LinearRegression fitted. R² (train): 0.5067
2026-04-25 01:33:49,933 - airpollution.models.factory - INFO - ✓ LinearRegression saved to artifacts/models/mumbai_to_delhi/linear_regression/model.joblib
2026-04-25 01:33:49,933 - __main__ - INFO -     ✓ Saved to artifacts/models/mumbai_to_delhi/linear_regression/model.joblib
2026-04-25 01:33:49,933 - __main__ - INFO -     ✓ Feature importance saved
2026-04-25 01:33:49,933 - __main__ - INFO - 
  🤖 Training: random_forest
2026-04-25 01:33:49,933 - airpollution.models.factory - INFO - Creating random_forest with hyperparams: {'n_estimators': 100, 'max_depth': 15, 'random_state': 42, 'n_jobs': -1}
2026-04-25 01:33:49,933 - airpollution.models.factory - INFO - Fitting RandomForest (n_estimators=100, max_depth=15) with 120 samples
2026-04-25 01:33:49,977 - airpollution.models.factory - INFO - ✓ RandomForest fitted. R² (train): 0.9144
2026-04-25 01:33:49,984 - airpollution.models.factory - INFO - ✓ RandomForest saved to artifacts/models/mumbai_to_delhi/random_forest/model.joblib
2026-04-25 01:33:49,984 - __main__ - INFO -     ✓ Saved to artifacts/models/mumbai_to_delhi/random_forest/model.joblib
2026-04-25 01:33:49,999 - __main__ - INFO -     ✓ Feature importance saved
2026-04-25 01:33:49,999 - __main__ - INFO - 
  🤖 Training: xgboost
2026-04-25 01:33:49,999 - airpollution.models.factory - INFO - Creating xgboost with hyperparams: {'n_estimators': 200, 'max_depth': 7, 'learning_rate': 0.1, 'random_state': 42}
2026-04-25 01:33:49,999 - airpollution.models.factory - INFO - Fitting XGBoost (n_estimators=200, max_depth=7) with 120 samples
2026-04-25 01:33:50,235 - airpollution.models.factory - INFO - ✓ XGBoost fitted. R² (train): 1.0000
2026-04-25 01:33:50,237 - airpollution.models.factory - INFO - ✓ XGBoost saved to artifacts/models/mumbai_to_delhi/xgboost/model.joblib
2026-04-25 01:33:50,237 - __main__ - INFO -     ✓ Saved to artifacts/models/mumbai_to_delhi/xgboost/model.joblib
2026-04-25 01:33:50,237 - __main__ - INFO -     ✓ Feature importance saved
2026-04-25 01:33:50,237 - __main__ - INFO - 
  🤖 Training: lightgbm
2026-04-25 01:33:50,237 - airpollution.models.factory - INFO - Creating lightgbm with hyperparams: {'n_estimators': 200, 'max_depth': 7, 'learning_rate': 0.1, 'random_state': 42, 'num_leaves': 31}
2026-04-25 01:33:50,237 - airpollution.models.factory - INFO - Fitting LightGBM (n_estimators=200, num_leaves=31) with 120 samples
2026-04-25 01:33:50,314 - airpollution.models.factory - INFO - ✓ LightGBM fitted. R² (train): 0.9228
2026-04-25 01:33:50,315 - airpollution.models.factory - INFO - ✓ LightGBM saved to artifacts/models/mumbai_to_delhi/lightgbm/model.joblib
2026-04-25 01:33:50,315 - __main__ - INFO -     ✓ Saved to artifacts/models/mumbai_to_delhi/lightgbm/model.joblib
2026-04-25 01:33:50,316 - __main__ - INFO -     ✓ Feature importance saved
2026-04-25 01:33:50,316 - __main__ - INFO - 
  🤖 Training: neural_network
2026-04-25 01:33:50,316 - airpollution.models.factory - INFO - Creating neural_network with hyperparams: {'hidden_layers': [64, 32], 'dropout_rate': 0.3, 'epochs': 50, 'batch_size': 32, 'validation_split': 0.2, 'random_state': 42}
2026-04-25 01:33:50,316 - airpollution.models.factory - INFO - Fitting Neural Network (2 hidden layers) with 120 samples, 8 features
2026-04-25 01:33:51,959 - airpollution.models.factory - INFO - ✓ Neural Network fitted. Final training loss: 5529.2876
2026-04-25 01:33:51,960 - absl - WARNING - You are saving your model as an HDF5 file via `model.save()` or `keras.saving.save_model(model)`. This file format is considered legacy. We recommend using instead the native Keras format, e.g. `model.save('my_model.keras')` or `keras.saving.save_model(model, 'my_model.keras')`. 
2026-04-25 01:33:51,965 - airpollution.models.factory - INFO - ✓ Neural Network saved to artifacts/models/mumbai_to_delhi/neural_network/model.h5 and metadata to artifacts/models/mumbai_to_delhi/neural_network/model.joblib
2026-04-25 01:33:51,965 - __main__ - INFO -     ✓ Saved to artifacts/models/mumbai_to_delhi/neural_network/model.joblib
2026-04-25 01:33:51,965 - airpollution.models.factory - WARNING - Neural Network feature importance computed via gradient-based approximation
2026-04-25 01:33:51,982 - __main__ - INFO -     ✓ Feature importance saved
2026-04-25 01:33:51,982 - __main__ - INFO - 
✓ Scenario complete: 5 models trained
2026-04-25 01:33:51,982 - __main__ - INFO - 
============================================================
2026-04-25 01:33:51,982 - __main__ - INFO - 🎯 TRAINING SCENARIO: multi_city_to_mumbai
2026-04-25 01:33:51,982 - __main__ - INFO - ============================================================
2026-04-25 01:33:51,982 - airpollution.multi_city_data - INFO - 🎯 Splitting data for scenario: multi_city_to_mumbai
2026-04-25 01:33:51,982 - airpollution.multi_city_data - INFO -    Description: Train on Delhi+Bangalore+Hyderabad, test on isolated Mumbai
2026-04-25 01:33:51,982 - airpollution.multi_city_data - INFO -    Loading training cities: ['delhi', 'bangalore', 'hyderabad']
2026-04-25 01:33:51,982 - airpollution.multi_city_data - INFO - ✓ Filtered 120 rows for delhi (22.2% of total)
2026-04-25 01:33:51,983 - airpollution.multi_city_data - INFO - ✓ Preprocessed: 120 → 120 rows (100.0% retained)
2026-04-25 01:33:51,983 - airpollution.multi_city_data - INFO - ✓ Filtered 61 rows for bangalore (11.3% of total)
2026-04-25 01:33:51,983 - airpollution.multi_city_data - INFO - ✓ Preprocessed: 61 → 61 rows (100.0% retained)
2026-04-25 01:33:51,984 - airpollution.multi_city_data - INFO - ✓ Filtered 50 rows for hyderabad (9.3% of total)
2026-04-25 01:33:51,984 - airpollution.multi_city_data - INFO - ✓ Preprocessed: 50 → 50 rows (100.0% retained)
2026-04-25 01:33:51,984 - airpollution.multi_city_data - INFO -    ✓ Combined training data: 231 rows
2026-04-25 01:33:51,984 - airpollution.multi_city_data - INFO -    Loading test cities: ['mumbai']
2026-04-25 01:33:51,985 - airpollution.multi_city_data - INFO - ✓ Filtered 120 rows for mumbai (22.2% of total)
2026-04-25 01:33:51,985 - airpollution.multi_city_data - INFO - ✓ Preprocessed: 120 → 120 rows (100.0% retained)
2026-04-25 01:33:51,985 - airpollution.multi_city_data - INFO -    ✓ Combined test data: 120 rows
2026-04-25 01:33:51,985 - airpollution.multi_city_data - INFO -    Using city-boundary split (all test cities are test set)
2026-04-25 01:33:51,985 - airpollution.multi_city_data - INFO - ✓ Scenario 'multi_city_to_mumbai' split complete:
    Train: 231 samples
    Test:  120 samples
2026-04-25 01:33:51,985 - __main__ - INFO - 
  🤖 Training: linear_regression
2026-04-25 01:33:51,985 - airpollution.models.factory - INFO - Creating linear_regression with hyperparams: {}
2026-04-25 01:33:51,985 - airpollution.models.factory - INFO - Fitting LinearRegression with 231 samples, 8 features
2026-04-25 01:33:51,986 - airpollution.models.factory - INFO - ✓ LinearRegression fitted. R² (train): 0.5881
2026-04-25 01:33:51,987 - airpollution.models.factory - INFO - ✓ LinearRegression saved to artifacts/models/multi_city_to_mumbai/linear_regression/model.joblib
2026-04-25 01:33:51,987 - __main__ - INFO -     ✓ Saved to artifacts/models/multi_city_to_mumbai/linear_regression/model.joblib
2026-04-25 01:33:51,987 - __main__ - INFO -     ✓ Feature importance saved
2026-04-25 01:33:51,987 - __main__ - INFO - 
  🤖 Training: random_forest
2026-04-25 01:33:51,987 - airpollution.models.factory - INFO - Creating random_forest with hyperparams: {'n_estimators': 100, 'max_depth': 15, 'random_state': 42, 'n_jobs': -1}
2026-04-25 01:33:51,987 - airpollution.models.factory - INFO - Fitting RandomForest (n_estimators=100, max_depth=15) with 231 samples
2026-04-25 01:33:52,042 - airpollution.models.factory - INFO - ✓ RandomForest fitted. R² (train): 0.9340
2026-04-25 01:33:52,051 - airpollution.models.factory - INFO - ✓ RandomForest saved to artifacts/models/multi_city_to_mumbai/random_forest/model.joblib
2026-04-25 01:33:52,051 - __main__ - INFO -     ✓ Saved to artifacts/models/multi_city_to_mumbai/random_forest/model.joblib
2026-04-25 01:33:52,065 - __main__ - INFO -     ✓ Feature importance saved
2026-04-25 01:33:52,065 - __main__ - INFO - 
  🤖 Training: xgboost
2026-04-25 01:33:52,065 - airpollution.models.factory - INFO - Creating xgboost with hyperparams: {'n_estimators': 200, 'max_depth': 7, 'learning_rate': 0.1, 'random_state': 42}
2026-04-25 01:33:52,065 - airpollution.models.factory - INFO - Fitting XGBoost (n_estimators=200, max_depth=7) with 231 samples
2026-04-25 01:33:52,343 - airpollution.models.factory - INFO - ✓ XGBoost fitted. R² (train): 1.0000
2026-04-25 01:33:52,345 - airpollution.models.factory - INFO - ✓ XGBoost saved to artifacts/models/multi_city_to_mumbai/xgboost/model.joblib
2026-04-25 01:33:52,345 - __main__ - INFO -     ✓ Saved to artifacts/models/multi_city_to_mumbai/xgboost/model.joblib
2026-04-25 01:33:52,346 - __main__ - INFO -     ✓ Feature importance saved
2026-04-25 01:33:52,346 - __main__ - INFO - 
  🤖 Training: lightgbm
2026-04-25 01:33:52,346 - airpollution.models.factory - INFO - Creating lightgbm with hyperparams: {'n_estimators': 200, 'max_depth': 7, 'learning_rate': 0.1, 'random_state': 42, 'num_leaves': 31}
2026-04-25 01:33:52,346 - airpollution.models.factory - INFO - Fitting LightGBM (n_estimators=200, num_leaves=31) with 231 samples
2026-04-25 01:33:52,512 - airpollution.models.factory - INFO - ✓ LightGBM fitted. R² (train): 0.9781
2026-04-25 01:33:52,514 - airpollution.models.factory - INFO - ✓ LightGBM saved to artifacts/models/multi_city_to_mumbai/lightgbm/model.joblib
2026-04-25 01:33:52,514 - __main__ - INFO -     ✓ Saved to artifacts/models/multi_city_to_mumbai/lightgbm/model.joblib
2026-04-25 01:33:52,515 - __main__ - INFO -     ✓ Feature importance saved
2026-04-25 01:33:52,515 - __main__ - INFO - 
  🤖 Training: neural_network
2026-04-25 01:33:52,515 - airpollution.models.factory - INFO - Creating neural_network with hyperparams: {'hidden_layers': [64, 32], 'dropout_rate': 0.3, 'epochs': 50, 'batch_size': 32, 'validation_split': 0.2, 'random_state': 42}
2026-04-25 01:33:52,515 - airpollution.models.factory - INFO - Fitting Neural Network (2 hidden layers) with 231 samples, 8 features
2026-04-25 01:33:54,293 - airpollution.models.factory - INFO - ✓ Neural Network fitted. Final training loss: 5454.5337
2026-04-25 01:33:54,293 - absl - WARNING - You are saving your model as an HDF5 file via `model.save()` or `keras.saving.save_model(model)`. This file format is considered legacy. We recommend using instead the native Keras format, e.g. `model.save('my_model.keras')` or `keras.saving.save_model(model, 'my_model.keras')`. 
2026-04-25 01:33:54,299 - airpollution.models.factory - INFO - ✓ Neural Network saved to artifacts/models/multi_city_to_mumbai/neural_network/model.h5 and metadata to artifacts/models/multi_city_to_mumbai/neural_network/model.joblib
2026-04-25 01:33:54,299 - __main__ - INFO -     ✓ Saved to artifacts/models/multi_city_to_mumbai/neural_network/model.joblib
2026-04-25 01:33:54,299 - airpollution.models.factory - WARNING - Neural Network feature importance computed via gradient-based approximation
2026-04-25 01:33:54,315 - __main__ - INFO -     ✓ Feature importance saved
2026-04-25 01:33:54,315 - __main__ - INFO - 
✓ Scenario complete: 5 models trained
2026-04-25 01:33:54,315 - __main__ - INFO - 
============================================================
2026-04-25 01:33:54,315 - __main__ - INFO - 🎯 TRAINING SCENARIO: all_except_bangalore_to_bangalore
2026-04-25 01:33:54,315 - __main__ - INFO - ============================================================
2026-04-25 01:33:54,316 - airpollution.multi_city_data - INFO - 🎯 Splitting data for scenario: all_except_bangalore_to_bangalore
2026-04-25 01:33:54,316 - airpollution.multi_city_data - INFO -    Description: Train on 4 cities, test on isolated Bangalore
2026-04-25 01:33:54,316 - airpollution.multi_city_data - INFO -    Loading training cities: ['delhi', 'mumbai', 'kolkata', 'hyderabad']
2026-04-25 01:33:54,316 - airpollution.multi_city_data - INFO - ✓ Filtered 120 rows for delhi (22.2% of total)
2026-04-25 01:33:54,317 - airpollution.multi_city_data - INFO - ✓ Preprocessed: 120 → 120 rows (100.0% retained)
2026-04-25 01:33:54,317 - airpollution.multi_city_data - INFO - ✓ Filtered 120 rows for mumbai (22.2% of total)
2026-04-25 01:33:54,317 - airpollution.multi_city_data - INFO - ✓ Preprocessed: 120 → 120 rows (100.0% retained)
2026-04-25 01:33:54,318 - airpollution.multi_city_data - INFO - ✓ Filtered 45 rows for kolkata (8.3% of total)
2026-04-25 01:33:54,318 - airpollution.multi_city_data - INFO - ✓ Preprocessed: 45 → 45 rows (100.0% retained)
2026-04-25 01:33:54,318 - airpollution.multi_city_data - INFO - ✓ Filtered 50 rows for hyderabad (9.3% of total)
2026-04-25 01:33:54,319 - airpollution.multi_city_data - INFO - ✓ Preprocessed: 50 → 50 rows (100.0% retained)
2026-04-25 01:33:54,319 - airpollution.multi_city_data - INFO -    ✓ Combined training data: 335 rows
2026-04-25 01:33:54,319 - airpollution.multi_city_data - INFO -    Loading test cities: ['bangalore']
2026-04-25 01:33:54,319 - airpollution.multi_city_data - INFO - ✓ Filtered 61 rows for bangalore (11.3% of total)
2026-04-25 01:33:54,320 - airpollution.multi_city_data - INFO - ✓ Preprocessed: 61 → 61 rows (100.0% retained)
2026-04-25 01:33:54,320 - airpollution.multi_city_data - INFO -    ✓ Combined test data: 61 rows
2026-04-25 01:33:54,320 - airpollution.multi_city_data - INFO -    Using city-boundary split (all test cities are test set)
2026-04-25 01:33:54,320 - airpollution.multi_city_data - INFO - ✓ Scenario 'all_except_bangalore_to_bangalore' split complete:
    Train: 335 samples
    Test:  61 samples
2026-04-25 01:33:54,320 - __main__ - INFO - 
  🤖 Training: linear_regression
2026-04-25 01:33:54,320 - airpollution.models.factory - INFO - Creating linear_regression with hyperparams: {}
2026-04-25 01:33:54,320 - airpollution.models.factory - INFO - Fitting LinearRegression with 335 samples, 8 features
2026-04-25 01:33:54,321 - airpollution.models.factory - INFO - ✓ LinearRegression fitted. R² (train): 0.5206
2026-04-25 01:33:54,321 - airpollution.models.factory - INFO - ✓ LinearRegression saved to artifacts/models/all_except_bangalore_to_bangalore/linear_regression/model.joblib
2026-04-25 01:33:54,321 - __main__ - INFO -     ✓ Saved to artifacts/models/all_except_bangalore_to_bangalore/linear_regression/model.joblib
2026-04-25 01:33:54,322 - __main__ - INFO -     ✓ Feature importance saved
2026-04-25 01:33:54,322 - __main__ - INFO - 
  🤖 Training: random_forest
2026-04-25 01:33:54,322 - airpollution.models.factory - INFO - Creating random_forest with hyperparams: {'n_estimators': 100, 'max_depth': 15, 'random_state': 42, 'n_jobs': -1}
2026-04-25 01:33:54,322 - airpollution.models.factory - INFO - Fitting RandomForest (n_estimators=100, max_depth=15) with 335 samples
2026-04-25 01:33:54,370 - airpollution.models.factory - INFO - ✓ RandomForest fitted. R² (train): 0.9348
2026-04-25 01:33:54,379 - airpollution.models.factory - INFO - ✓ RandomForest saved to artifacts/models/all_except_bangalore_to_bangalore/random_forest/model.joblib
2026-04-25 01:33:54,379 - __main__ - INFO -     ✓ Saved to artifacts/models/all_except_bangalore_to_bangalore/random_forest/model.joblib
2026-04-25 01:33:54,393 - __main__ - INFO -     ✓ Feature importance saved
2026-04-25 01:33:54,393 - __main__ - INFO - 
  🤖 Training: xgboost
2026-04-25 01:33:54,393 - airpollution.models.factory - INFO - Creating xgboost with hyperparams: {'n_estimators': 200, 'max_depth': 7, 'learning_rate': 0.1, 'random_state': 42}
2026-04-25 01:33:54,394 - airpollution.models.factory - INFO - Fitting XGBoost (n_estimators=200, max_depth=7) with 335 samples
2026-04-25 01:33:54,656 - airpollution.models.factory - INFO - ✓ XGBoost fitted. R² (train): 1.0000
2026-04-25 01:33:54,658 - airpollution.models.factory - INFO - ✓ XGBoost saved to artifacts/models/all_except_bangalore_to_bangalore/xgboost/model.joblib
2026-04-25 01:33:54,658 - __main__ - INFO -     ✓ Saved to artifacts/models/all_except_bangalore_to_bangalore/xgboost/model.joblib
2026-04-25 01:33:54,659 - __main__ - INFO -     ✓ Feature importance saved
2026-04-25 01:33:54,659 - __main__ - INFO - 
  🤖 Training: lightgbm
2026-04-25 01:33:54,659 - airpollution.models.factory - INFO - Creating lightgbm with hyperparams: {'n_estimators': 200, 'max_depth': 7, 'learning_rate': 0.1, 'random_state': 42, 'num_leaves': 31}
2026-04-25 01:33:54,659 - airpollution.models.factory - INFO - Fitting LightGBM (n_estimators=200, num_leaves=31) with 335 samples
2026-04-25 01:33:54,851 - airpollution.models.factory - INFO - ✓ LightGBM fitted. R² (train): 0.9895
2026-04-25 01:33:54,852 - airpollution.models.factory - INFO - ✓ LightGBM saved to artifacts/models/all_except_bangalore_to_bangalore/lightgbm/model.joblib
2026-04-25 01:33:54,852 - __main__ - INFO -     ✓ Saved to artifacts/models/all_except_bangalore_to_bangalore/lightgbm/model.joblib
2026-04-25 01:33:54,853 - __main__ - INFO -     ✓ Feature importance saved
2026-04-25 01:33:54,853 - __main__ - INFO - 
  🤖 Training: neural_network
2026-04-25 01:33:54,853 - airpollution.models.factory - INFO - Creating neural_network with hyperparams: {'hidden_layers': [64, 32], 'dropout_rate': 0.3, 'epochs': 50, 'batch_size': 32, 'validation_split': 0.2, 'random_state': 42}
2026-04-25 01:33:54,853 - airpollution.models.factory - INFO - Fitting Neural Network (2 hidden layers) with 335 samples, 8 features
2026-04-25 01:33:56,664 - airpollution.models.factory - INFO - ✓ Neural Network fitted. Final training loss: 4306.3472
2026-04-25 01:33:56,664 - absl - WARNING - You are saving your model as an HDF5 file via `model.save()` or `keras.saving.save_model(model)`. This file format is considered legacy. We recommend using instead the native Keras format, e.g. `model.save('my_model.keras')` or `keras.saving.save_model(model, 'my_model.keras')`. 
2026-04-25 01:33:56,669 - airpollution.models.factory - INFO - ✓ Neural Network saved to artifacts/models/all_except_bangalore_to_bangalore/neural_network/model.h5 and metadata to artifacts/models/all_except_bangalore_to_bangalore/neural_network/model.joblib
2026-04-25 01:33:56,669 - __main__ - INFO -     ✓ Saved to artifacts/models/all_except_bangalore_to_bangalore/neural_network/model.joblib
2026-04-25 01:33:56,669 - airpollution.models.factory - WARNING - Neural Network feature importance computed via gradient-based approximation
2026-04-25 01:33:56,686 - __main__ - INFO -     ✓ Feature importance saved
2026-04-25 01:33:56,686 - __main__ - INFO - 
✓ Scenario complete: 5 models trained
2026-04-25 01:33:56,686 - __main__ - INFO - 
============================================================
2026-04-25 01:33:56,686 - __main__ - INFO - 🎯 TRAINING SCENARIO: full_multi_city_temporal
2026-04-25 01:33:56,686 - __main__ - INFO - ============================================================
2026-04-25 01:33:56,686 - airpollution.multi_city_data - INFO - 🎯 Splitting data for scenario: full_multi_city_temporal
2026-04-25 01:33:56,686 - airpollution.multi_city_data - INFO -    Description: Train on all 5 cities (80%), test on all 5 cities (20%) - temporal split
2026-04-25 01:33:56,686 - airpollution.multi_city_data - INFO -    Loading training cities: ['delhi', 'mumbai', 'bangalore', 'kolkata', 'hyderabad']
2026-04-25 01:33:56,686 - airpollution.multi_city_data - INFO - ✓ Filtered 120 rows for delhi (22.2% of total)
2026-04-25 01:33:56,687 - airpollution.multi_city_data - INFO - ✓ Preprocessed: 120 → 120 rows (100.0% retained)
2026-04-25 01:33:56,687 - airpollution.multi_city_data - INFO - ✓ Filtered 120 rows for mumbai (22.2% of total)
2026-04-25 01:33:56,688 - airpollution.multi_city_data - INFO - ✓ Preprocessed: 120 → 120 rows (100.0% retained)
2026-04-25 01:33:56,688 - airpollution.multi_city_data - INFO - ✓ Filtered 61 rows for bangalore (11.3% of total)
2026-04-25 01:33:56,689 - airpollution.multi_city_data - INFO - ✓ Preprocessed: 61 → 61 rows (100.0% retained)
2026-04-25 01:33:56,689 - airpollution.multi_city_data - INFO - ✓ Filtered 45 rows for kolkata (8.3% of total)
2026-04-25 01:33:56,689 - airpollution.multi_city_data - INFO - ✓ Preprocessed: 45 → 45 rows (100.0% retained)
2026-04-25 01:33:56,689 - airpollution.multi_city_data - INFO - ✓ Filtered 50 rows for hyderabad (9.3% of total)
2026-04-25 01:33:56,690 - airpollution.multi_city_data - INFO - ✓ Preprocessed: 50 → 50 rows (100.0% retained)
2026-04-25 01:33:56,690 - airpollution.multi_city_data - INFO -    ✓ Combined training data: 396 rows
2026-04-25 01:33:56,690 - airpollution.multi_city_data - INFO -    Loading test cities: ['delhi', 'mumbai', 'bangalore', 'kolkata', 'hyderabad']
2026-04-25 01:33:56,690 - airpollution.multi_city_data - INFO - ✓ Filtered 120 rows for delhi (22.2% of total)
2026-04-25 01:33:56,691 - airpollution.multi_city_data - INFO - ✓ Preprocessed: 120 → 120 rows (100.0% retained)
2026-04-25 01:33:56,691 - airpollution.multi_city_data - INFO - ✓ Filtered 120 rows for mumbai (22.2% of total)
2026-04-25 01:33:56,691 - airpollution.multi_city_data - INFO - ✓ Preprocessed: 120 → 120 rows (100.0% retained)
2026-04-25 01:33:56,692 - airpollution.multi_city_data - INFO - ✓ Filtered 61 rows for bangalore (11.3% of total)
2026-04-25 01:33:56,692 - airpollution.multi_city_data - INFO - ✓ Preprocessed: 61 → 61 rows (100.0% retained)
2026-04-25 01:33:56,692 - airpollution.multi_city_data - INFO - ✓ Filtered 45 rows for kolkata (8.3% of total)
2026-04-25 01:33:56,693 - airpollution.multi_city_data - INFO - ✓ Preprocessed: 45 → 45 rows (100.0% retained)
2026-04-25 01:33:56,693 - airpollution.multi_city_data - INFO - ✓ Filtered 50 rows for hyderabad (9.3% of total)
2026-04-25 01:33:56,693 - airpollution.multi_city_data - INFO - ✓ Preprocessed: 50 → 50 rows (100.0% retained)
2026-04-25 01:33:56,693 - airpollution.multi_city_data - INFO -    ✓ Combined test data: 396 rows
2026-04-25 01:33:56,693 - airpollution.multi_city_data - INFO -    Using temporal split (80/20)
2026-04-25 01:33:56,694 - airpollution.multi_city_data - WARNING -    ⚠ No timestamp column; using day_of_year for temporal sort
2026-04-25 01:33:56,694 - airpollution.multi_city_data - INFO - ✓ Scenario 'full_multi_city_temporal' split complete:
    Train: 316 samples
    Test:  80 samples
2026-04-25 01:33:56,694 - __main__ - INFO - 
  🤖 Training: linear_regression
2026-04-25 01:33:56,694 - airpollution.models.factory - INFO - Creating linear_regression with hyperparams: {}
2026-04-25 01:33:56,694 - airpollution.models.factory - INFO - Fitting LinearRegression with 316 samples, 8 features
2026-04-25 01:33:56,695 - airpollution.models.factory - INFO - ✓ LinearRegression fitted. R² (train): 0.5854
2026-04-25 01:33:56,695 - airpollution.models.factory - INFO - ✓ LinearRegression saved to artifacts/models/full_multi_city_temporal/linear_regression/model.joblib
2026-04-25 01:33:56,695 - __main__ - INFO -     ✓ Saved to artifacts/models/full_multi_city_temporal/linear_regression/model.joblib
2026-04-25 01:33:56,696 - __main__ - INFO -     ✓ Feature importance saved
2026-04-25 01:33:56,696 - __main__ - INFO - 
  🤖 Training: random_forest
2026-04-25 01:33:56,696 - airpollution.models.factory - INFO - Creating random_forest with hyperparams: {'n_estimators': 100, 'max_depth': 15, 'random_state': 42, 'n_jobs': -1}
2026-04-25 01:33:56,696 - airpollution.models.factory - INFO - Fitting RandomForest (n_estimators=100, max_depth=15) with 316 samples
2026-04-25 01:33:56,742 - airpollution.models.factory - INFO - ✓ RandomForest fitted. R² (train): 0.9491
2026-04-25 01:33:56,750 - airpollution.models.factory - INFO - ✓ RandomForest saved to artifacts/models/full_multi_city_temporal/random_forest/model.joblib
2026-04-25 01:33:56,750 - __main__ - INFO -     ✓ Saved to artifacts/models/full_multi_city_temporal/random_forest/model.joblib
2026-04-25 01:33:56,764 - __main__ - INFO -     ✓ Feature importance saved
2026-04-25 01:33:56,764 - __main__ - INFO - 
  🤖 Training: xgboost
2026-04-25 01:33:56,764 - airpollution.models.factory - INFO - Creating xgboost with hyperparams: {'n_estimators': 200, 'max_depth': 7, 'learning_rate': 0.1, 'random_state': 42}
2026-04-25 01:33:56,764 - airpollution.models.factory - INFO - Fitting XGBoost (n_estimators=200, max_depth=7) with 316 samples
2026-04-25 01:33:57,017 - airpollution.models.factory - INFO - ✓ XGBoost fitted. R² (train): 1.0000
2026-04-25 01:33:57,019 - airpollution.models.factory - INFO - ✓ XGBoost saved to artifacts/models/full_multi_city_temporal/xgboost/model.joblib
2026-04-25 01:33:57,019 - __main__ - INFO -     ✓ Saved to artifacts/models/full_multi_city_temporal/xgboost/model.joblib
2026-04-25 01:33:57,020 - __main__ - INFO -     ✓ Feature importance saved
2026-04-25 01:33:57,020 - __main__ - INFO - 
  🤖 Training: lightgbm
2026-04-25 01:33:57,020 - airpollution.models.factory - INFO - Creating lightgbm with hyperparams: {'n_estimators': 200, 'max_depth': 7, 'learning_rate': 0.1, 'random_state': 42, 'num_leaves': 31}
2026-04-25 01:33:57,020 - airpollution.models.factory - INFO - Fitting LightGBM (n_estimators=200, num_leaves=31) with 316 samples
2026-04-25 01:33:57,198 - airpollution.models.factory - INFO - ✓ LightGBM fitted. R² (train): 0.9920
2026-04-25 01:33:57,200 - airpollution.models.factory - INFO - ✓ LightGBM saved to artifacts/models/full_multi_city_temporal/lightgbm/model.joblib
2026-04-25 01:33:57,200 - __main__ - INFO -     ✓ Saved to artifacts/models/full_multi_city_temporal/lightgbm/model.joblib
2026-04-25 01:33:57,201 - __main__ - INFO -     ✓ Feature importance saved
2026-04-25 01:33:57,201 - __main__ - INFO - 
  🤖 Training: neural_network
2026-04-25 01:33:57,201 - airpollution.models.factory - INFO - Creating neural_network with hyperparams: {'hidden_layers': [64, 32], 'dropout_rate': 0.3, 'epochs': 50, 'batch_size': 32, 'validation_split': 0.2, 'random_state': 42}
2026-04-25 01:33:57,201 - airpollution.models.factory - INFO - Fitting Neural Network (2 hidden layers) with 316 samples, 8 features
2026-04-25 01:33:58,878 - airpollution.models.factory - INFO - ✓ Neural Network fitted. Final training loss: 4302.9307
2026-04-25 01:33:58,878 - absl - WARNING - You are saving your model as an HDF5 file via `model.save()` or `keras.saving.save_model(model)`. This file format is considered legacy. We recommend using instead the native Keras format, e.g. `model.save('my_model.keras')` or `keras.saving.save_model(model, 'my_model.keras')`. 
2026-04-25 01:33:58,883 - airpollution.models.factory - INFO - ✓ Neural Network saved to artifacts/models/full_multi_city_temporal/neural_network/model.h5 and metadata to artifacts/models/full_multi_city_temporal/neural_network/model.joblib
2026-04-25 01:33:58,883 - __main__ - INFO -     ✓ Saved to artifacts/models/full_multi_city_temporal/neural_network/model.joblib
2026-04-25 01:33:58,883 - airpollution.models.factory - WARNING - Neural Network feature importance computed via gradient-based approximation
2026-04-25 01:33:58,899 - __main__ - INFO -     ✓ Feature importance saved
2026-04-25 01:33:58,899 - __main__ - INFO - 
✓ Scenario complete: 5 models trained
2026-04-25 01:33:58,900 - __main__ - INFO - 
============================================================
2026-04-25 01:33:58,900 - __main__ - INFO - ✓ TRAINING PIPELINE COMPLETE
2026-04-25 01:33:58,900 - __main__ - INFO - ============================================================
2026-04-25 01:33:58,900 - __main__ - INFO - ✓ Successfully trained: 7 scenarios
2026-04-25 01:33:58,900 - __main__ - INFO - ✓ All training complete!
2026-04-25 15:24:43,389 - airpollution.multi_city_data - INFO - ✓ Loaded configuration from backend/configs/base.yaml
2026-04-25 15:24:43,389 - airpollution.cities - INFO - ✓ Loaded city config: delhi (National Capital Territory of Delhi)
2026-04-25 15:24:43,389 - airpollution.cities - INFO - ✓ Loaded city config: mumbai (Mumbai (Bombay))
2026-04-25 15:24:43,389 - airpollution.cities - INFO - ✓ Loaded city config: bangalore (Bangalore (Bengaluru))
2026-04-25 15:24:43,389 - airpollution.cities - INFO - ✓ Loaded city config: kolkata (Kolkata (Calcutta))
2026-04-25 15:24:43,389 - airpollution.cities - INFO - ✓ Loaded city config: hyderabad (Hyderabad)
2026-04-25 15:24:43,389 - airpollution.multi_city_data - INFO - ✓ Initialized MultiCityDataLoader with CSV: data/processed/unified_dataset.csv
2026-04-25 15:24:43,389 - __main__ - INFO - ✓ Initialized TrainingOrchestrator
2026-04-25 15:24:43,389 - __main__ - INFO -   Config: backend/configs/base.yaml
2026-04-25 15:24:43,389 - __main__ - INFO -   Model output: backend/artifacts/models
2026-04-25 15:24:43,389 - __main__ - INFO - 
============================================================
2026-04-25 15:24:43,390 - __main__ - INFO - 📊 STARTING TRAINING PIPELINE
2026-04-25 15:24:43,390 - __main__ - INFO - ============================================================
2026-04-25 15:24:43,390 - __main__ - INFO - Scenarios to train: 7
2026-04-25 15:24:43,390 - __main__ - INFO - Models to train per scenario: 5
2026-04-25 15:24:43,390 - __main__ - INFO - 
============================================================
2026-04-25 15:24:43,390 - __main__ - INFO - 🎯 TRAINING SCENARIO: delhi_standalone
2026-04-25 15:24:43,390 - __main__ - INFO - ============================================================
2026-04-25 15:24:43,390 - airpollution.multi_city_data - INFO - 🎯 Splitting data for scenario: delhi_standalone
2026-04-25 15:24:43,390 - airpollution.multi_city_data - INFO -    Description: Train and test on Delhi only (baseline robustness: 1.0)
2026-04-25 15:24:43,390 - airpollution.multi_city_data - INFO -    Loading training cities: ['delhi']
2026-04-25 15:24:43,390 - airpollution.multi_city_data - INFO - Loading raw data from data/processed/unified_dataset.csv...
2026-04-25 15:24:43,392 - airpollution.multi_city_data - INFO - ✓ Loaded 540 rows with 9 columns
2026-04-25 15:24:43,393 - airpollution.multi_city_data - INFO - ✓ Filtered 120 rows for delhi (22.2% of total)
2026-04-25 15:24:43,395 - airpollution.multi_city_data - INFO - ✓ Preprocessed: 120 → 120 rows (100.0% retained)
2026-04-25 15:24:43,395 - airpollution.multi_city_data - INFO -    ✓ Combined training data: 120 rows
2026-04-25 15:24:43,395 - airpollution.multi_city_data - INFO -    Loading test cities: ['delhi']
2026-04-25 15:24:43,395 - airpollution.multi_city_data - INFO - ✓ Filtered 120 rows for delhi (22.2% of total)
2026-04-25 15:24:43,396 - airpollution.multi_city_data - INFO - ✓ Preprocessed: 120 → 120 rows (100.0% retained)
2026-04-25 15:24:43,396 - airpollution.multi_city_data - INFO -    ✓ Combined test data: 120 rows
2026-04-25 15:24:43,396 - airpollution.multi_city_data - INFO -    Using temporal split (80/20)
2026-04-25 15:24:43,396 - airpollution.multi_city_data - WARNING -    ⚠ No timestamp column; using day_of_year for temporal sort
2026-04-25 15:24:43,396 - airpollution.multi_city_data - INFO - ✓ Scenario 'delhi_standalone' split complete:
    Train: 96 samples
    Test:  24 samples
2026-04-25 15:24:43,396 - __main__ - INFO - 
  🤖 Training: linear_regression
2026-04-25 15:24:43,396 - airpollution.models.factory - INFO - Creating linear_regression with hyperparams: {}
2026-04-25 15:24:43,396 - airpollution.models.factory - INFO - Fitting LinearRegression with 96 samples, 8 features
2026-04-25 15:24:43,404 - airpollution.models.factory - INFO - ✓ LinearRegression fitted. R² (train): 0.3160
2026-04-25 15:24:43,405 - airpollution.models.factory - INFO - ✓ LinearRegression saved to backend/artifacts/models/delhi_standalone/linear_regression/model.joblib
2026-04-25 15:24:43,405 - __main__ - INFO -     ✓ Saved to backend/artifacts/models/delhi_standalone/linear_regression/model.joblib
2026-04-25 15:24:43,407 - __main__ - INFO -     ✓ Feature importance saved
2026-04-25 15:24:43,407 - __main__ - INFO - 
  🤖 Training: random_forest
2026-04-25 15:24:43,407 - airpollution.models.factory - INFO - Creating random_forest with hyperparams: {'n_estimators': 100, 'max_depth': 15, 'random_state': 42, 'n_jobs': -1}
2026-04-25 15:24:43,407 - airpollution.models.factory - INFO - Fitting RandomForest (n_estimators=100, max_depth=15) with 96 samples
2026-04-25 15:24:43,475 - airpollution.models.factory - INFO - ✓ RandomForest fitted. R² (train): 0.8837
2026-04-25 15:24:43,483 - airpollution.models.factory - INFO - ✓ RandomForest saved to backend/artifacts/models/delhi_standalone/random_forest/model.joblib
2026-04-25 15:24:43,483 - __main__ - INFO -     ✓ Saved to backend/artifacts/models/delhi_standalone/random_forest/model.joblib
2026-04-25 15:24:43,498 - __main__ - INFO -     ✓ Feature importance saved
2026-04-25 15:24:43,498 - __main__ - INFO - 
  🤖 Training: xgboost
2026-04-25 15:24:43,498 - airpollution.models.factory - INFO - Creating xgboost with hyperparams: {'n_estimators': 200, 'max_depth': 7, 'learning_rate': 0.1, 'random_state': 42}
2026-04-25 15:24:43,498 - airpollution.models.factory - INFO - Fitting XGBoost (n_estimators=200, max_depth=7) with 96 samples
2026-04-25 15:24:43,777 - airpollution.models.factory - INFO - ✓ XGBoost fitted. R² (train): 1.0000
2026-04-25 15:24:43,779 - airpollution.models.factory - INFO - ✓ XGBoost saved to backend/artifacts/models/delhi_standalone/xgboost/model.joblib
2026-04-25 15:24:43,779 - __main__ - INFO -     ✓ Saved to backend/artifacts/models/delhi_standalone/xgboost/model.joblib
2026-04-25 15:24:43,780 - __main__ - INFO -     ✓ Feature importance saved
2026-04-25 15:24:43,780 - __main__ - INFO - 
  🤖 Training: lightgbm
2026-04-25 15:24:43,780 - airpollution.models.factory - INFO - Creating lightgbm with hyperparams: {'n_estimators': 200, 'max_depth': 7, 'learning_rate': 0.1, 'random_state': 42, 'num_leaves': 31}
2026-04-25 15:24:43,780 - airpollution.models.factory - INFO - Fitting LightGBM (n_estimators=200, num_leaves=31) with 96 samples
2026-04-25 15:24:43,865 - airpollution.models.factory - INFO - ✓ LightGBM fitted. R² (train): 0.8501
2026-04-25 15:24:43,866 - airpollution.models.factory - INFO - ✓ LightGBM saved to backend/artifacts/models/delhi_standalone/lightgbm/model.joblib
2026-04-25 15:24:43,866 - __main__ - INFO -     ✓ Saved to backend/artifacts/models/delhi_standalone/lightgbm/model.joblib
2026-04-25 15:24:43,866 - __main__ - INFO -     ✓ Feature importance saved
2026-04-25 15:24:43,866 - __main__ - INFO - 
  🤖 Training: neural_network
2026-04-25 15:24:43,866 - airpollution.models.factory - INFO - Creating neural_network with hyperparams: {'hidden_layers': [64, 32], 'dropout_rate': 0.3, 'epochs': 50, 'batch_size': 32, 'validation_split': 0.2, 'random_state': 42}
2026-04-25 15:24:43,867 - airpollution.models.factory - INFO - Fitting Neural Network (2 hidden layers) with 96 samples, 8 features
2026-04-25 15:24:45,512 - airpollution.models.factory - INFO - ✓ Neural Network fitted. Final training loss: 5401.0039
2026-04-25 15:24:45,513 - absl - WARNING - You are saving your model as an HDF5 file via `model.save()` or `keras.saving.save_model(model)`. This file format is considered legacy. We recommend using instead the native Keras format, e.g. `model.save('my_model.keras')` or `keras.saving.save_model(model, 'my_model.keras')`. 
2026-04-25 15:24:45,521 - airpollution.models.factory - INFO - ✓ Neural Network saved to backend/artifacts/models/delhi_standalone/neural_network/model.h5 and metadata to backend/artifacts/models/delhi_standalone/neural_network/model.joblib
2026-04-25 15:24:45,521 - __main__ - INFO -     ✓ Saved to backend/artifacts/models/delhi_standalone/neural_network/model.joblib
2026-04-25 15:24:45,521 - airpollution.models.factory - WARNING - Neural Network feature importance computed via gradient-based approximation
2026-04-25 15:24:45,540 - __main__ - INFO -     ✓ Feature importance saved
2026-04-25 15:24:45,540 - __main__ - INFO - 
✓ Scenario complete: 5 models trained
2026-04-25 15:24:45,540 - __main__ - INFO - 
============================================================
2026-04-25 15:24:45,540 - __main__ - INFO - 🎯 TRAINING SCENARIO: mumbai_standalone
2026-04-25 15:24:45,540 - __main__ - INFO - ============================================================
2026-04-25 15:24:45,540 - airpollution.multi_city_data - INFO - 🎯 Splitting data for scenario: mumbai_standalone
2026-04-25 15:24:45,540 - airpollution.multi_city_data - INFO -    Description: Train and test on Mumbai only
2026-04-25 15:24:45,540 - airpollution.multi_city_data - INFO -    Loading training cities: ['mumbai']
2026-04-25 15:24:45,541 - airpollution.multi_city_data - INFO - ✓ Filtered 120 rows for mumbai (22.2% of total)
2026-04-25 15:24:45,542 - airpollution.multi_city_data - INFO - ✓ Preprocessed: 120 → 120 rows (100.0% retained)
2026-04-25 15:24:45,542 - airpollution.multi_city_data - INFO -    ✓ Combined training data: 120 rows
2026-04-25 15:24:45,542 - airpollution.multi_city_data - INFO -    Loading test cities: ['mumbai']
2026-04-25 15:24:45,542 - airpollution.multi_city_data - INFO - ✓ Filtered 120 rows for mumbai (22.2% of total)
2026-04-25 15:24:45,543 - airpollution.multi_city_data - INFO - ✓ Preprocessed: 120 → 120 rows (100.0% retained)
2026-04-25 15:24:45,543 - airpollution.multi_city_data - INFO -    ✓ Combined test data: 120 rows
2026-04-25 15:24:45,543 - airpollution.multi_city_data - INFO -    Using temporal split (80/20)
2026-04-25 15:24:45,543 - airpollution.multi_city_data - WARNING -    ⚠ No timestamp column; using day_of_year for temporal sort
2026-04-25 15:24:45,543 - airpollution.multi_city_data - INFO - ✓ Scenario 'mumbai_standalone' split complete:
    Train: 96 samples
    Test:  24 samples
2026-04-25 15:24:45,543 - __main__ - INFO - 
  🤖 Training: linear_regression
2026-04-25 15:24:45,543 - airpollution.models.factory - INFO - Creating linear_regression with hyperparams: {}
2026-04-25 15:24:45,543 - airpollution.models.factory - INFO - Fitting LinearRegression with 96 samples, 8 features
2026-04-25 15:24:45,545 - airpollution.models.factory - INFO - ✓ LinearRegression fitted. R² (train): 0.5165
2026-04-25 15:24:45,545 - airpollution.models.factory - INFO - ✓ LinearRegression saved to backend/artifacts/models/mumbai_standalone/linear_regression/model.joblib
2026-04-25 15:24:45,545 - __main__ - INFO -     ✓ Saved to backend/artifacts/models/mumbai_standalone/linear_regression/model.joblib
2026-04-25 15:24:45,546 - __main__ - INFO -     ✓ Feature importance saved
2026-04-25 15:24:45,546 - __main__ - INFO - 
  🤖 Training: random_forest
2026-04-25 15:24:45,546 - airpollution.models.factory - INFO - Creating random_forest with hyperparams: {'n_estimators': 100, 'max_depth': 15, 'random_state': 42, 'n_jobs': -1}
2026-04-25 15:24:45,546 - airpollution.models.factory - INFO - Fitting RandomForest (n_estimators=100, max_depth=15) with 96 samples
2026-04-25 15:24:45,592 - airpollution.models.factory - INFO - ✓ RandomForest fitted. R² (train): 0.9157
2026-04-25 15:24:45,599 - airpollution.models.factory - INFO - ✓ RandomForest saved to backend/artifacts/models/mumbai_standalone/random_forest/model.joblib
2026-04-25 15:24:45,599 - __main__ - INFO -     ✓ Saved to backend/artifacts/models/mumbai_standalone/random_forest/model.joblib
2026-04-25 15:24:45,614 - __main__ - INFO -     ✓ Feature importance saved
2026-04-25 15:24:45,614 - __main__ - INFO - 
  🤖 Training: xgboost
2026-04-25 15:24:45,614 - airpollution.models.factory - INFO - Creating xgboost with hyperparams: {'n_estimators': 200, 'max_depth': 7, 'learning_rate': 0.1, 'random_state': 42}
2026-04-25 15:24:45,614 - airpollution.models.factory - INFO - Fitting XGBoost (n_estimators=200, max_depth=7) with 96 samples
2026-04-25 15:24:45,863 - airpollution.models.factory - INFO - ✓ XGBoost fitted. R² (train): 1.0000
2026-04-25 15:24:45,865 - airpollution.models.factory - INFO - ✓ XGBoost saved to backend/artifacts/models/mumbai_standalone/xgboost/model.joblib
2026-04-25 15:24:45,865 - __main__ - INFO -     ✓ Saved to backend/artifacts/models/mumbai_standalone/xgboost/model.joblib
2026-04-25 15:24:45,866 - __main__ - INFO -     ✓ Feature importance saved
2026-04-25 15:24:45,866 - __main__ - INFO - 
  🤖 Training: lightgbm
2026-04-25 15:24:45,866 - airpollution.models.factory - INFO - Creating lightgbm with hyperparams: {'n_estimators': 200, 'max_depth': 7, 'learning_rate': 0.1, 'random_state': 42, 'num_leaves': 31}
2026-04-25 15:24:45,866 - airpollution.models.factory - INFO - Fitting LightGBM (n_estimators=200, num_leaves=31) with 96 samples
2026-04-25 15:24:45,938 - airpollution.models.factory - INFO - ✓ LightGBM fitted. R² (train): 0.8937
2026-04-25 15:24:45,939 - airpollution.models.factory - INFO - ✓ LightGBM saved to backend/artifacts/models/mumbai_standalone/lightgbm/model.joblib
2026-04-25 15:24:45,939 - __main__ - INFO -     ✓ Saved to backend/artifacts/models/mumbai_standalone/lightgbm/model.joblib
2026-04-25 15:24:45,940 - __main__ - INFO -     ✓ Feature importance saved
2026-04-25 15:24:45,940 - __main__ - INFO - 
  🤖 Training: neural_network
2026-04-25 15:24:45,940 - airpollution.models.factory - INFO - Creating neural_network with hyperparams: {'hidden_layers': [64, 32], 'dropout_rate': 0.3, 'epochs': 50, 'batch_size': 32, 'validation_split': 0.2, 'random_state': 42}
2026-04-25 15:24:45,940 - airpollution.models.factory - INFO - Fitting Neural Network (2 hidden layers) with 96 samples, 8 features
2026-04-25 15:24:47,563 - airpollution.models.factory - INFO - ✓ Neural Network fitted. Final training loss: 4483.8574
2026-04-25 15:24:47,563 - absl - WARNING - You are saving your model as an HDF5 file via `model.save()` or `keras.saving.save_model(model)`. This file format is considered legacy. We recommend using instead the native Keras format, e.g. `model.save('my_model.keras')` or `keras.saving.save_model(model, 'my_model.keras')`. 
2026-04-25 15:24:47,569 - airpollution.models.factory - INFO - ✓ Neural Network saved to backend/artifacts/models/mumbai_standalone/neural_network/model.h5 and metadata to backend/artifacts/models/mumbai_standalone/neural_network/model.joblib
2026-04-25 15:24:47,569 - __main__ - INFO -     ✓ Saved to backend/artifacts/models/mumbai_standalone/neural_network/model.joblib
2026-04-25 15:24:47,569 - airpollution.models.factory - WARNING - Neural Network feature importance computed via gradient-based approximation
2026-04-25 15:24:47,587 - __main__ - INFO -     ✓ Feature importance saved
2026-04-25 15:24:47,587 - __main__ - INFO - 
✓ Scenario complete: 5 models trained
2026-04-25 15:24:47,587 - __main__ - INFO - 
============================================================
2026-04-25 15:24:47,587 - __main__ - INFO - 🎯 TRAINING SCENARIO: delhi_to_mumbai
2026-04-25 15:24:47,587 - __main__ - INFO - ============================================================
2026-04-25 15:24:47,587 - airpollution.multi_city_data - INFO - 🎯 Splitting data for scenario: delhi_to_mumbai
2026-04-25 15:24:47,587 - airpollution.multi_city_data - INFO -    Description: Train on Delhi, test on completely unseen Mumbai (robustness test)
2026-04-25 15:24:47,587 - airpollution.multi_city_data - INFO -    Loading training cities: ['delhi']
2026-04-25 15:24:47,587 - airpollution.multi_city_data - INFO - ✓ Filtered 120 rows for delhi (22.2% of total)
2026-04-25 15:24:47,588 - airpollution.multi_city_data - INFO - ✓ Preprocessed: 120 → 120 rows (100.0% retained)
2026-04-25 15:24:47,588 - airpollution.multi_city_data - INFO -    ✓ Combined training data: 120 rows
2026-04-25 15:24:47,588 - airpollution.multi_city_data - INFO -    Loading test cities: ['mumbai']
2026-04-25 15:24:47,588 - airpollution.multi_city_data - INFO - ✓ Filtered 120 rows for mumbai (22.2% of total)
2026-04-25 15:24:47,589 - airpollution.multi_city_data - INFO - ✓ Preprocessed: 120 → 120 rows (100.0% retained)
2026-04-25 15:24:47,589 - airpollution.multi_city_data - INFO -    ✓ Combined test data: 120 rows
2026-04-25 15:24:47,589 - airpollution.multi_city_data - INFO -    Using city-boundary split (all test cities are test set)
2026-04-25 15:24:47,589 - airpollution.multi_city_data - INFO - ✓ Scenario 'delhi_to_mumbai' split complete:
    Train: 120 samples
    Test:  120 samples
2026-04-25 15:24:47,589 - __main__ - INFO - 
  🤖 Training: linear_regression
2026-04-25 15:24:47,589 - airpollution.models.factory - INFO - Creating linear_regression with hyperparams: {}
2026-04-25 15:24:47,589 - airpollution.models.factory - INFO - Fitting LinearRegression with 120 samples, 8 features
2026-04-25 15:24:47,590 - airpollution.models.factory - INFO - ✓ LinearRegression fitted. R² (train): 0.3223
2026-04-25 15:24:47,591 - airpollution.models.factory - INFO - ✓ LinearRegression saved to backend/artifacts/models/delhi_to_mumbai/linear_regression/model.joblib
2026-04-25 15:24:47,591 - __main__ - INFO -     ✓ Saved to backend/artifacts/models/delhi_to_mumbai/linear_regression/model.joblib
2026-04-25 15:24:47,591 - __main__ - INFO -     ✓ Feature importance saved
2026-04-25 15:24:47,591 - __main__ - INFO - 
  🤖 Training: random_forest
2026-04-25 15:24:47,591 - airpollution.models.factory - INFO - Creating random_forest with hyperparams: {'n_estimators': 100, 'max_depth': 15, 'random_state': 42, 'n_jobs': -1}
2026-04-25 15:24:47,591 - airpollution.models.factory - INFO - Fitting RandomForest (n_estimators=100, max_depth=15) with 120 samples
2026-04-25 15:24:47,639 - airpollution.models.factory - INFO - ✓ RandomForest fitted. R² (train): 0.8845
2026-04-25 15:24:47,647 - airpollution.models.factory - INFO - ✓ RandomForest saved to backend/artifacts/models/delhi_to_mumbai/random_forest/model.joblib
2026-04-25 15:24:47,647 - __main__ - INFO -     ✓ Saved to backend/artifacts/models/delhi_to_mumbai/random_forest/model.joblib
2026-04-25 15:24:47,662 - __main__ - INFO -     ✓ Feature importance saved
2026-04-25 15:24:47,662 - __main__ - INFO - 
  🤖 Training: xgboost
2026-04-25 15:24:47,662 - airpollution.models.factory - INFO - Creating xgboost with hyperparams: {'n_estimators': 200, 'max_depth': 7, 'learning_rate': 0.1, 'random_state': 42}
2026-04-25 15:24:47,662 - airpollution.models.factory - INFO - Fitting XGBoost (n_estimators=200, max_depth=7) with 120 samples
2026-04-25 15:24:47,927 - airpollution.models.factory - INFO - ✓ XGBoost fitted. R² (train): 1.0000
2026-04-25 15:24:47,930 - airpollution.models.factory - INFO - ✓ XGBoost saved to backend/artifacts/models/delhi_to_mumbai/xgboost/model.joblib
2026-04-25 15:24:47,930 - __main__ - INFO -     ✓ Saved to backend/artifacts/models/delhi_to_mumbai/xgboost/model.joblib
2026-04-25 15:24:47,930 - __main__ - INFO -     ✓ Feature importance saved
2026-04-25 15:24:47,930 - __main__ - INFO - 
  🤖 Training: lightgbm
2026-04-25 15:24:47,930 - airpollution.models.factory - INFO - Creating lightgbm with hyperparams: {'n_estimators': 200, 'max_depth': 7, 'learning_rate': 0.1, 'random_state': 42, 'num_leaves': 31}
2026-04-25 15:24:47,930 - airpollution.models.factory - INFO - Fitting LightGBM (n_estimators=200, num_leaves=31) with 120 samples
2026-04-25 15:24:48,020 - airpollution.models.factory - INFO - ✓ LightGBM fitted. R² (train): 0.8954
2026-04-25 15:24:48,021 - airpollution.models.factory - INFO - ✓ LightGBM saved to backend/artifacts/models/delhi_to_mumbai/lightgbm/model.joblib
2026-04-25 15:24:48,021 - __main__ - INFO -     ✓ Saved to backend/artifacts/models/delhi_to_mumbai/lightgbm/model.joblib
2026-04-25 15:24:48,022 - __main__ - INFO -     ✓ Feature importance saved
2026-04-25 15:24:48,022 - __main__ - INFO - 
  🤖 Training: neural_network
2026-04-25 15:24:48,022 - airpollution.models.factory - INFO - Creating neural_network with hyperparams: {'hidden_layers': [64, 32], 'dropout_rate': 0.3, 'epochs': 50, 'batch_size': 32, 'validation_split': 0.2, 'random_state': 42}
2026-04-25 15:24:48,022 - airpollution.models.factory - INFO - Fitting Neural Network (2 hidden layers) with 120 samples, 8 features
2026-04-25 15:24:49,556 - airpollution.models.factory - INFO - ✓ Neural Network fitted. Final training loss: 6482.2095
2026-04-25 15:24:49,556 - absl - WARNING - You are saving your model as an HDF5 file via `model.save()` or `keras.saving.save_model(model)`. This file format is considered legacy. We recommend using instead the native Keras format, e.g. `model.save('my_model.keras')` or `keras.saving.save_model(model, 'my_model.keras')`. 
2026-04-25 15:24:49,562 - airpollution.models.factory - INFO - ✓ Neural Network saved to backend/artifacts/models/delhi_to_mumbai/neural_network/model.h5 and metadata to backend/artifacts/models/delhi_to_mumbai/neural_network/model.joblib
2026-04-25 15:24:49,562 - __main__ - INFO -     ✓ Saved to backend/artifacts/models/delhi_to_mumbai/neural_network/model.joblib
2026-04-25 15:24:49,562 - airpollution.models.factory - WARNING - Neural Network feature importance computed via gradient-based approximation
2026-04-25 15:24:49,579 - __main__ - INFO -     ✓ Feature importance saved
2026-04-25 15:24:49,579 - __main__ - INFO - 
✓ Scenario complete: 5 models trained
2026-04-25 15:24:49,579 - __main__ - INFO - 
============================================================
2026-04-25 15:24:49,579 - __main__ - INFO - 🎯 TRAINING SCENARIO: mumbai_to_delhi
2026-04-25 15:24:49,579 - __main__ - INFO - ============================================================
2026-04-25 15:24:49,579 - airpollution.multi_city_data - INFO - 🎯 Splitting data for scenario: mumbai_to_delhi
2026-04-25 15:24:49,579 - airpollution.multi_city_data - INFO -    Description: Train on Mumbai, test on completely unseen Delhi
2026-04-25 15:24:49,579 - airpollution.multi_city_data - INFO -    Loading training cities: ['mumbai']
2026-04-25 15:24:49,580 - airpollution.multi_city_data - INFO - ✓ Filtered 120 rows for mumbai (22.2% of total)
2026-04-25 15:24:49,580 - airpollution.multi_city_data - INFO - ✓ Preprocessed: 120 → 120 rows (100.0% retained)
2026-04-25 15:24:49,580 - airpollution.multi_city_data - INFO -    ✓ Combined training data: 120 rows
2026-04-25 15:24:49,580 - airpollution.multi_city_data - INFO -    Loading test cities: ['delhi']
2026-04-25 15:24:49,581 - airpollution.multi_city_data - INFO - ✓ Filtered 120 rows for delhi (22.2% of total)
2026-04-25 15:24:49,581 - airpollution.multi_city_data - INFO - ✓ Preprocessed: 120 → 120 rows (100.0% retained)
2026-04-25 15:24:49,581 - airpollution.multi_city_data - INFO -    ✓ Combined test data: 120 rows
2026-04-25 15:24:49,581 - airpollution.multi_city_data - INFO -    Using city-boundary split (all test cities are test set)
2026-04-25 15:24:49,582 - airpollution.multi_city_data - INFO - ✓ Scenario 'mumbai_to_delhi' split complete:
    Train: 120 samples
    Test:  120 samples
2026-04-25 15:24:49,582 - __main__ - INFO - 
  🤖 Training: linear_regression
2026-04-25 15:24:49,582 - airpollution.models.factory - INFO - Creating linear_regression with hyperparams: {}
2026-04-25 15:24:49,582 - airpollution.models.factory - INFO - Fitting LinearRegression with 120 samples, 8 features
2026-04-25 15:24:49,583 - airpollution.models.factory - INFO - ✓ LinearRegression fitted. R² (train): 0.5067
2026-04-25 15:24:49,583 - airpollution.models.factory - INFO - ✓ LinearRegression saved to backend/artifacts/models/mumbai_to_delhi/linear_regression/model.joblib
2026-04-25 15:24:49,583 - __main__ - INFO -     ✓ Saved to backend/artifacts/models/mumbai_to_delhi/linear_regression/model.joblib
2026-04-25 15:24:49,583 - __main__ - INFO -     ✓ Feature importance saved
2026-04-25 15:24:49,583 - __main__ - INFO - 
  🤖 Training: random_forest
2026-04-25 15:24:49,583 - airpollution.models.factory - INFO - Creating random_forest with hyperparams: {'n_estimators': 100, 'max_depth': 15, 'random_state': 42, 'n_jobs': -1}
2026-04-25 15:24:49,583 - airpollution.models.factory - INFO - Fitting RandomForest (n_estimators=100, max_depth=15) with 120 samples
2026-04-25 15:24:49,631 - airpollution.models.factory - INFO - ✓ RandomForest fitted. R² (train): 0.9144
2026-04-25 15:24:49,639 - airpollution.models.factory - INFO - ✓ RandomForest saved to backend/artifacts/models/mumbai_to_delhi/random_forest/model.joblib
2026-04-25 15:24:49,639 - __main__ - INFO -     ✓ Saved to backend/artifacts/models/mumbai_to_delhi/random_forest/model.joblib
2026-04-25 15:24:49,653 - __main__ - INFO -     ✓ Feature importance saved
2026-04-25 15:24:49,653 - __main__ - INFO - 
  🤖 Training: xgboost
2026-04-25 15:24:49,653 - airpollution.models.factory - INFO - Creating xgboost with hyperparams: {'n_estimators': 200, 'max_depth': 7, 'learning_rate': 0.1, 'random_state': 42}
2026-04-25 15:24:49,653 - airpollution.models.factory - INFO - Fitting XGBoost (n_estimators=200, max_depth=7) with 120 samples
2026-04-25 15:24:49,950 - airpollution.models.factory - INFO - ✓ XGBoost fitted. R² (train): 1.0000
2026-04-25 15:24:49,952 - airpollution.models.factory - INFO - ✓ XGBoost saved to backend/artifacts/models/mumbai_to_delhi/xgboost/model.joblib
2026-04-25 15:24:49,952 - __main__ - INFO -     ✓ Saved to backend/artifacts/models/mumbai_to_delhi/xgboost/model.joblib
2026-04-25 15:24:49,953 - __main__ - INFO -     ✓ Feature importance saved
2026-04-25 15:24:49,953 - __main__ - INFO - 
  🤖 Training: lightgbm
2026-04-25 15:24:49,953 - airpollution.models.factory - INFO - Creating lightgbm with hyperparams: {'n_estimators': 200, 'max_depth': 7, 'learning_rate': 0.1, 'random_state': 42, 'num_leaves': 31}
2026-04-25 15:24:49,953 - airpollution.models.factory - INFO - Fitting LightGBM (n_estimators=200, num_leaves=31) with 120 samples
2026-04-25 15:24:50,040 - airpollution.models.factory - INFO - ✓ LightGBM fitted. R² (train): 0.9228
2026-04-25 15:24:50,042 - airpollution.models.factory - INFO - ✓ LightGBM saved to backend/artifacts/models/mumbai_to_delhi/lightgbm/model.joblib
2026-04-25 15:24:50,042 - __main__ - INFO -     ✓ Saved to backend/artifacts/models/mumbai_to_delhi/lightgbm/model.joblib
2026-04-25 15:24:50,042 - __main__ - INFO -     ✓ Feature importance saved
2026-04-25 15:24:50,042 - __main__ - INFO - 
  🤖 Training: neural_network
2026-04-25 15:24:50,042 - airpollution.models.factory - INFO - Creating neural_network with hyperparams: {'hidden_layers': [64, 32], 'dropout_rate': 0.3, 'epochs': 50, 'batch_size': 32, 'validation_split': 0.2, 'random_state': 42}
2026-04-25 15:24:50,042 - airpollution.models.factory - INFO - Fitting Neural Network (2 hidden layers) with 120 samples, 8 features
2026-04-25 15:24:51,606 - airpollution.models.factory - INFO - ✓ Neural Network fitted. Final training loss: 5927.2305
2026-04-25 15:24:51,607 - absl - WARNING - You are saving your model as an HDF5 file via `model.save()` or `keras.saving.save_model(model)`. This file format is considered legacy. We recommend using instead the native Keras format, e.g. `model.save('my_model.keras')` or `keras.saving.save_model(model, 'my_model.keras')`. 
2026-04-25 15:24:51,612 - airpollution.models.factory - INFO - ✓ Neural Network saved to backend/artifacts/models/mumbai_to_delhi/neural_network/model.h5 and metadata to backend/artifacts/models/mumbai_to_delhi/neural_network/model.joblib
2026-04-25 15:24:51,612 - __main__ - INFO -     ✓ Saved to backend/artifacts/models/mumbai_to_delhi/neural_network/model.joblib
2026-04-25 15:24:51,612 - airpollution.models.factory - WARNING - Neural Network feature importance computed via gradient-based approximation
2026-04-25 15:24:51,630 - __main__ - INFO -     ✓ Feature importance saved
2026-04-25 15:24:51,630 - __main__ - INFO - 
✓ Scenario complete: 5 models trained
2026-04-25 15:24:51,630 - __main__ - INFO - 
============================================================
2026-04-25 15:24:51,631 - __main__ - INFO - 🎯 TRAINING SCENARIO: multi_city_to_mumbai
2026-04-25 15:24:51,631 - __main__ - INFO - ============================================================
2026-04-25 15:24:51,631 - airpollution.multi_city_data - INFO - 🎯 Splitting data for scenario: multi_city_to_mumbai
2026-04-25 15:24:51,631 - airpollution.multi_city_data - INFO -    Description: Train on Delhi+Bangalore+Hyderabad, test on isolated Mumbai
2026-04-25 15:24:51,631 - airpollution.multi_city_data - INFO -    Loading training cities: ['delhi', 'bangalore', 'hyderabad']
2026-04-25 15:24:51,631 - airpollution.multi_city_data - INFO - ✓ Filtered 120 rows for delhi (22.2% of total)
2026-04-25 15:24:51,632 - airpollution.multi_city_data - INFO - ✓ Preprocessed: 120 → 120 rows (100.0% retained)
2026-04-25 15:24:51,632 - airpollution.multi_city_data - INFO - ✓ Filtered 61 rows for bangalore (11.3% of total)
2026-04-25 15:24:51,632 - airpollution.multi_city_data - INFO - ✓ Preprocessed: 61 → 61 rows (100.0% retained)
2026-04-25 15:24:51,633 - airpollution.multi_city_data - INFO - ✓ Filtered 50 rows for hyderabad (9.3% of total)
2026-04-25 15:24:51,633 - airpollution.multi_city_data - INFO - ✓ Preprocessed: 50 → 50 rows (100.0% retained)
2026-04-25 15:24:51,633 - airpollution.multi_city_data - INFO -    ✓ Combined training data: 231 rows
2026-04-25 15:24:51,633 - airpollution.multi_city_data - INFO -    Loading test cities: ['mumbai']
2026-04-25 15:24:51,634 - airpollution.multi_city_data - INFO - ✓ Filtered 120 rows for mumbai (22.2% of total)
2026-04-25 15:24:51,634 - airpollution.multi_city_data - INFO - ✓ Preprocessed: 120 → 120 rows (100.0% retained)
2026-04-25 15:24:51,634 - airpollution.multi_city_data - INFO -    ✓ Combined test data: 120 rows
2026-04-25 15:24:51,634 - airpollution.multi_city_data - INFO -    Using city-boundary split (all test cities are test set)
2026-04-25 15:24:51,634 - airpollution.multi_city_data - INFO - ✓ Scenario 'multi_city_to_mumbai' split complete:
    Train: 231 samples
    Test:  120 samples
2026-04-25 15:24:51,634 - __main__ - INFO - 
  🤖 Training: linear_regression
2026-04-25 15:24:51,634 - airpollution.models.factory - INFO - Creating linear_regression with hyperparams: {}
2026-04-25 15:24:51,635 - airpollution.models.factory - INFO - Fitting LinearRegression with 231 samples, 8 features
2026-04-25 15:24:51,636 - airpollution.models.factory - INFO - ✓ LinearRegression fitted. R² (train): 0.5881
2026-04-25 15:24:51,637 - airpollution.models.factory - INFO - ✓ LinearRegression saved to backend/artifacts/models/multi_city_to_mumbai/linear_regression/model.joblib
2026-04-25 15:24:51,637 - __main__ - INFO -     ✓ Saved to backend/artifacts/models/multi_city_to_mumbai/linear_regression/model.joblib
2026-04-25 15:24:51,637 - __main__ - INFO -     ✓ Feature importance saved
2026-04-25 15:24:51,637 - __main__ - INFO - 
  🤖 Training: random_forest
2026-04-25 15:24:51,637 - airpollution.models.factory - INFO - Creating random_forest with hyperparams: {'n_estimators': 100, 'max_depth': 15, 'random_state': 42, 'n_jobs': -1}
2026-04-25 15:24:51,637 - airpollution.models.factory - INFO - Fitting RandomForest (n_estimators=100, max_depth=15) with 231 samples
2026-04-25 15:24:51,683 - airpollution.models.factory - INFO - ✓ RandomForest fitted. R² (train): 0.9340
2026-04-25 15:24:51,691 - airpollution.models.factory - INFO - ✓ RandomForest saved to backend/artifacts/models/multi_city_to_mumbai/random_forest/model.joblib
2026-04-25 15:24:51,691 - __main__ - INFO -     ✓ Saved to backend/artifacts/models/multi_city_to_mumbai/random_forest/model.joblib
2026-04-25 15:24:51,706 - __main__ - INFO -     ✓ Feature importance saved
2026-04-25 15:24:51,706 - __main__ - INFO - 
  🤖 Training: xgboost
2026-04-25 15:24:51,706 - airpollution.models.factory - INFO - Creating xgboost with hyperparams: {'n_estimators': 200, 'max_depth': 7, 'learning_rate': 0.1, 'random_state': 42}
2026-04-25 15:24:51,706 - airpollution.models.factory - INFO - Fitting XGBoost (n_estimators=200, max_depth=7) with 231 samples
2026-04-25 15:24:51,985 - airpollution.models.factory - INFO - ✓ XGBoost fitted. R² (train): 1.0000
2026-04-25 15:24:51,988 - airpollution.models.factory - INFO - ✓ XGBoost saved to backend/artifacts/models/multi_city_to_mumbai/xgboost/model.joblib
2026-04-25 15:24:51,988 - __main__ - INFO -     ✓ Saved to backend/artifacts/models/multi_city_to_mumbai/xgboost/model.joblib
2026-04-25 15:24:51,989 - __main__ - INFO -     ✓ Feature importance saved
2026-04-25 15:24:51,989 - __main__ - INFO - 
  🤖 Training: lightgbm
2026-04-25 15:24:51,989 - airpollution.models.factory - INFO - Creating lightgbm with hyperparams: {'n_estimators': 200, 'max_depth': 7, 'learning_rate': 0.1, 'random_state': 42, 'num_leaves': 31}
2026-04-25 15:24:51,989 - airpollution.models.factory - INFO - Fitting LightGBM (n_estimators=200, num_leaves=31) with 231 samples
2026-04-25 15:24:52,153 - airpollution.models.factory - INFO - ✓ LightGBM fitted. R² (train): 0.9781
2026-04-25 15:24:52,154 - airpollution.models.factory - INFO - ✓ LightGBM saved to backend/artifacts/models/multi_city_to_mumbai/lightgbm/model.joblib
2026-04-25 15:24:52,155 - __main__ - INFO -     ✓ Saved to backend/artifacts/models/multi_city_to_mumbai/lightgbm/model.joblib
2026-04-25 15:24:52,155 - __main__ - INFO -     ✓ Feature importance saved
2026-04-25 15:24:52,155 - __main__ - INFO - 
  🤖 Training: neural_network
2026-04-25 15:24:52,155 - airpollution.models.factory - INFO - Creating neural_network with hyperparams: {'hidden_layers': [64, 32], 'dropout_rate': 0.3, 'epochs': 50, 'batch_size': 32, 'validation_split': 0.2, 'random_state': 42}
2026-04-25 15:24:52,155 - airpollution.models.factory - INFO - Fitting Neural Network (2 hidden layers) with 231 samples, 8 features
2026-04-25 15:24:53,891 - airpollution.models.factory - INFO - ✓ Neural Network fitted. Final training loss: 6136.0952
2026-04-25 15:24:53,891 - absl - WARNING - You are saving your model as an HDF5 file via `model.save()` or `keras.saving.save_model(model)`. This file format is considered legacy. We recommend using instead the native Keras format, e.g. `model.save('my_model.keras')` or `keras.saving.save_model(model, 'my_model.keras')`. 
2026-04-25 15:24:53,897 - airpollution.models.factory - INFO - ✓ Neural Network saved to backend/artifacts/models/multi_city_to_mumbai/neural_network/model.h5 and metadata to backend/artifacts/models/multi_city_to_mumbai/neural_network/model.joblib
2026-04-25 15:24:53,897 - __main__ - INFO -     ✓ Saved to backend/artifacts/models/multi_city_to_mumbai/neural_network/model.joblib
2026-04-25 15:24:53,897 - airpollution.models.factory - WARNING - Neural Network feature importance computed via gradient-based approximation
2026-04-25 15:24:53,915 - __main__ - INFO -     ✓ Feature importance saved
2026-04-25 15:24:53,915 - __main__ - INFO - 
✓ Scenario complete: 5 models trained
2026-04-25 15:24:53,915 - __main__ - INFO - 
============================================================
2026-04-25 15:24:53,915 - __main__ - INFO - 🎯 TRAINING SCENARIO: all_except_bangalore_to_bangalore
2026-04-25 15:24:53,915 - __main__ - INFO - ============================================================
2026-04-25 15:24:53,915 - airpollution.multi_city_data - INFO - 🎯 Splitting data for scenario: all_except_bangalore_to_bangalore
2026-04-25 15:24:53,915 - airpollution.multi_city_data - INFO -    Description: Train on 4 cities, test on isolated Bangalore
2026-04-25 15:24:53,915 - airpollution.multi_city_data - INFO -    Loading training cities: ['delhi', 'mumbai', 'kolkata', 'hyderabad']
2026-04-25 15:24:53,916 - airpollution.multi_city_data - INFO - ✓ Filtered 120 rows for delhi (22.2% of total)
2026-04-25 15:24:53,916 - airpollution.multi_city_data - INFO - ✓ Preprocessed: 120 → 120 rows (100.0% retained)
2026-04-25 15:24:53,917 - airpollution.multi_city_data - INFO - ✓ Filtered 120 rows for mumbai (22.2% of total)
2026-04-25 15:24:53,917 - airpollution.multi_city_data - INFO - ✓ Preprocessed: 120 → 120 rows (100.0% retained)
2026-04-25 15:24:53,918 - airpollution.multi_city_data - INFO - ✓ Filtered 45 rows for kolkata (8.3% of total)
2026-04-25 15:24:53,918 - airpollution.multi_city_data - INFO - ✓ Preprocessed: 45 → 45 rows (100.0% retained)
2026-04-25 15:24:53,918 - airpollution.multi_city_data - INFO - ✓ Filtered 50 rows for hyderabad (9.3% of total)
2026-04-25 15:24:53,919 - airpollution.multi_city_data - INFO - ✓ Preprocessed: 50 → 50 rows (100.0% retained)
2026-04-25 15:24:53,919 - airpollution.multi_city_data - INFO -    ✓ Combined training data: 335 rows
2026-04-25 15:24:53,919 - airpollution.multi_city_data - INFO -    Loading test cities: ['bangalore']
2026-04-25 15:24:53,919 - airpollution.multi_city_data - INFO - ✓ Filtered 61 rows for bangalore (11.3% of total)
2026-04-25 15:24:53,920 - airpollution.multi_city_data - INFO - ✓ Preprocessed: 61 → 61 rows (100.0% retained)
2026-04-25 15:24:53,920 - airpollution.multi_city_data - INFO -    ✓ Combined test data: 61 rows
2026-04-25 15:24:53,920 - airpollution.multi_city_data - INFO -    Using city-boundary split (all test cities are test set)
2026-04-25 15:24:53,920 - airpollution.multi_city_data - INFO - ✓ Scenario 'all_except_bangalore_to_bangalore' split complete:
    Train: 335 samples
    Test:  61 samples
2026-04-25 15:24:53,920 - __main__ - INFO - 
  🤖 Training: linear_regression
2026-04-25 15:24:53,920 - airpollution.models.factory - INFO - Creating linear_regression with hyperparams: {}
2026-04-25 15:24:53,920 - airpollution.models.factory - INFO - Fitting LinearRegression with 335 samples, 8 features
2026-04-25 15:24:53,921 - airpollution.models.factory - INFO - ✓ LinearRegression fitted. R² (train): 0.5206
2026-04-25 15:24:53,921 - airpollution.models.factory - INFO - ✓ LinearRegression saved to backend/artifacts/models/all_except_bangalore_to_bangalore/linear_regression/model.joblib
2026-04-25 15:24:53,921 - __main__ - INFO -     ✓ Saved to backend/artifacts/models/all_except_bangalore_to_bangalore/linear_regression/model.joblib
2026-04-25 15:24:53,922 - __main__ - INFO -     ✓ Feature importance saved
2026-04-25 15:24:53,922 - __main__ - INFO - 
  🤖 Training: random_forest
2026-04-25 15:24:53,922 - airpollution.models.factory - INFO - Creating random_forest with hyperparams: {'n_estimators': 100, 'max_depth': 15, 'random_state': 42, 'n_jobs': -1}
2026-04-25 15:24:53,922 - airpollution.models.factory - INFO - Fitting RandomForest (n_estimators=100, max_depth=15) with 335 samples
2026-04-25 15:24:53,971 - airpollution.models.factory - INFO - ✓ RandomForest fitted. R² (train): 0.9348
2026-04-25 15:24:53,980 - airpollution.models.factory - INFO - ✓ RandomForest saved to backend/artifacts/models/all_except_bangalore_to_bangalore/random_forest/model.joblib
2026-04-25 15:24:53,980 - __main__ - INFO -     ✓ Saved to backend/artifacts/models/all_except_bangalore_to_bangalore/random_forest/model.joblib
2026-04-25 15:24:53,994 - __main__ - INFO -     ✓ Feature importance saved
2026-04-25 15:24:53,994 - __main__ - INFO - 
  🤖 Training: xgboost
2026-04-25 15:24:53,994 - airpollution.models.factory - INFO - Creating xgboost with hyperparams: {'n_estimators': 200, 'max_depth': 7, 'learning_rate': 0.1, 'random_state': 42}
2026-04-25 15:24:53,995 - airpollution.models.factory - INFO - Fitting XGBoost (n_estimators=200, max_depth=7) with 335 samples
2026-04-25 15:24:54,267 - airpollution.models.factory - INFO - ✓ XGBoost fitted. R² (train): 1.0000
2026-04-25 15:24:54,268 - airpollution.models.factory - INFO - ✓ XGBoost saved to backend/artifacts/models/all_except_bangalore_to_bangalore/xgboost/model.joblib
2026-04-25 15:24:54,268 - __main__ - INFO -     ✓ Saved to backend/artifacts/models/all_except_bangalore_to_bangalore/xgboost/model.joblib
2026-04-25 15:24:54,269 - __main__ - INFO -     ✓ Feature importance saved
2026-04-25 15:24:54,269 - __main__ - INFO - 
  🤖 Training: lightgbm
2026-04-25 15:24:54,269 - airpollution.models.factory - INFO - Creating lightgbm with hyperparams: {'n_estimators': 200, 'max_depth': 7, 'learning_rate': 0.1, 'random_state': 42, 'num_leaves': 31}
2026-04-25 15:24:54,269 - airpollution.models.factory - INFO - Fitting LightGBM (n_estimators=200, num_leaves=31) with 335 samples
2026-04-25 15:24:54,486 - airpollution.models.factory - INFO - ✓ LightGBM fitted. R² (train): 0.9895
2026-04-25 15:24:54,487 - airpollution.models.factory - INFO - ✓ LightGBM saved to backend/artifacts/models/all_except_bangalore_to_bangalore/lightgbm/model.joblib
2026-04-25 15:24:54,487 - __main__ - INFO -     ✓ Saved to backend/artifacts/models/all_except_bangalore_to_bangalore/lightgbm/model.joblib
2026-04-25 15:24:54,488 - __main__ - INFO -     ✓ Feature importance saved
2026-04-25 15:24:54,488 - __main__ - INFO - 
  🤖 Training: neural_network
2026-04-25 15:24:54,488 - airpollution.models.factory - INFO - Creating neural_network with hyperparams: {'hidden_layers': [64, 32], 'dropout_rate': 0.3, 'epochs': 50, 'batch_size': 32, 'validation_split': 0.2, 'random_state': 42}
2026-04-25 15:24:54,488 - airpollution.models.factory - INFO - Fitting Neural Network (2 hidden layers) with 335 samples, 8 features
2026-04-25 15:24:56,297 - airpollution.models.factory - INFO - ✓ Neural Network fitted. Final training loss: 4668.9443
2026-04-25 15:24:56,297 - absl - WARNING - You are saving your model as an HDF5 file via `model.save()` or `keras.saving.save_model(model)`. This file format is considered legacy. We recommend using instead the native Keras format, e.g. `model.save('my_model.keras')` or `keras.saving.save_model(model, 'my_model.keras')`. 
2026-04-25 15:24:56,302 - airpollution.models.factory - INFO - ✓ Neural Network saved to backend/artifacts/models/all_except_bangalore_to_bangalore/neural_network/model.h5 and metadata to backend/artifacts/models/all_except_bangalore_to_bangalore/neural_network/model.joblib
2026-04-25 15:24:56,302 - __main__ - INFO -     ✓ Saved to backend/artifacts/models/all_except_bangalore_to_bangalore/neural_network/model.joblib
2026-04-25 15:24:56,302 - airpollution.models.factory - WARNING - Neural Network feature importance computed via gradient-based approximation
2026-04-25 15:24:56,321 - __main__ - INFO -     ✓ Feature importance saved
2026-04-25 15:24:56,321 - __main__ - INFO - 
✓ Scenario complete: 5 models trained
2026-04-25 15:24:56,321 - __main__ - INFO - 
============================================================
2026-04-25 15:24:56,321 - __main__ - INFO - 🎯 TRAINING SCENARIO: full_multi_city_temporal
2026-04-25 15:24:56,321 - __main__ - INFO - ============================================================
2026-04-25 15:24:56,321 - airpollution.multi_city_data - INFO - 🎯 Splitting data for scenario: full_multi_city_temporal
2026-04-25 15:24:56,321 - airpollution.multi_city_data - INFO -    Description: Train on all 5 cities (80%), test on all 5 cities (20%) - temporal split
2026-04-25 15:24:56,321 - airpollution.multi_city_data - INFO -    Loading training cities: ['delhi', 'mumbai', 'bangalore', 'kolkata', 'hyderabad']
2026-04-25 15:24:56,321 - airpollution.multi_city_data - INFO - ✓ Filtered 120 rows for delhi (22.2% of total)
2026-04-25 15:24:56,322 - airpollution.multi_city_data - INFO - ✓ Preprocessed: 120 → 120 rows (100.0% retained)
2026-04-25 15:24:56,322 - airpollution.multi_city_data - INFO - ✓ Filtered 120 rows for mumbai (22.2% of total)
2026-04-25 15:24:56,323 - airpollution.multi_city_data - INFO - ✓ Preprocessed: 120 → 120 rows (100.0% retained)
2026-04-25 15:24:56,323 - airpollution.multi_city_data - INFO - ✓ Filtered 61 rows for bangalore (11.3% of total)
2026-04-25 15:24:56,324 - airpollution.multi_city_data - INFO - ✓ Preprocessed: 61 → 61 rows (100.0% retained)
2026-04-25 15:24:56,324 - airpollution.multi_city_data - INFO - ✓ Filtered 45 rows for kolkata (8.3% of total)
2026-04-25 15:24:56,324 - airpollution.multi_city_data - INFO - ✓ Preprocessed: 45 → 45 rows (100.0% retained)
2026-04-25 15:24:56,325 - airpollution.multi_city_data - INFO - ✓ Filtered 50 rows for hyderabad (9.3% of total)
2026-04-25 15:24:56,325 - airpollution.multi_city_data - INFO - ✓ Preprocessed: 50 → 50 rows (100.0% retained)
2026-04-25 15:24:56,325 - airpollution.multi_city_data - INFO -    ✓ Combined training data: 396 rows
2026-04-25 15:24:56,325 - airpollution.multi_city_data - INFO -    Loading test cities: ['delhi', 'mumbai', 'bangalore', 'kolkata', 'hyderabad']
2026-04-25 15:24:56,326 - airpollution.multi_city_data - INFO - ✓ Filtered 120 rows for delhi (22.2% of total)
2026-04-25 15:24:56,326 - airpollution.multi_city_data - INFO - ✓ Preprocessed: 120 → 120 rows (100.0% retained)
2026-04-25 15:24:56,327 - airpollution.multi_city_data - INFO - ✓ Filtered 120 rows for mumbai (22.2% of total)
2026-04-25 15:24:56,327 - airpollution.multi_city_data - INFO - ✓ Preprocessed: 120 → 120 rows (100.0% retained)
2026-04-25 15:24:56,328 - airpollution.multi_city_data - INFO - ✓ Filtered 61 rows for bangalore (11.3% of total)
2026-04-25 15:24:56,328 - airpollution.multi_city_data - INFO - ✓ Preprocessed: 61 → 61 rows (100.0% retained)
2026-04-25 15:24:56,328 - airpollution.multi_city_data - INFO - ✓ Filtered 45 rows for kolkata (8.3% of total)
2026-04-25 15:24:56,329 - airpollution.multi_city_data - INFO - ✓ Preprocessed: 45 → 45 rows (100.0% retained)
2026-04-25 15:24:56,329 - airpollution.multi_city_data - INFO - ✓ Filtered 50 rows for hyderabad (9.3% of total)
2026-04-25 15:24:56,330 - airpollution.multi_city_data - INFO - ✓ Preprocessed: 50 → 50 rows (100.0% retained)
2026-04-25 15:24:56,330 - airpollution.multi_city_data - INFO -    ✓ Combined test data: 396 rows
2026-04-25 15:24:56,330 - airpollution.multi_city_data - INFO -    Using temporal split (80/20)
2026-04-25 15:24:56,330 - airpollution.multi_city_data - WARNING -    ⚠ No timestamp column; using day_of_year for temporal sort
2026-04-25 15:24:56,330 - airpollution.multi_city_data - INFO - ✓ Scenario 'full_multi_city_temporal' split complete:
    Train: 316 samples
    Test:  80 samples
2026-04-25 15:24:56,330 - __main__ - INFO - 
  🤖 Training: linear_regression
2026-04-25 15:24:56,331 - airpollution.models.factory - INFO - Creating linear_regression with hyperparams: {}
2026-04-25 15:24:56,331 - airpollution.models.factory - INFO - Fitting LinearRegression with 316 samples, 8 features
2026-04-25 15:24:56,331 - airpollution.models.factory - INFO - ✓ LinearRegression fitted. R² (train): 0.5854
2026-04-25 15:24:56,332 - airpollution.models.factory - INFO - ✓ LinearRegression saved to backend/artifacts/models/full_multi_city_temporal/linear_regression/model.joblib
2026-04-25 15:24:56,332 - __main__ - INFO -     ✓ Saved to backend/artifacts/models/full_multi_city_temporal/linear_regression/model.joblib
2026-04-25 15:24:56,332 - __main__ - INFO -     ✓ Feature importance saved
2026-04-25 15:24:56,332 - __main__ - INFO - 
  🤖 Training: random_forest
2026-04-25 15:24:56,332 - airpollution.models.factory - INFO - Creating random_forest with hyperparams: {'n_estimators': 100, 'max_depth': 15, 'random_state': 42, 'n_jobs': -1}
2026-04-25 15:24:56,332 - airpollution.models.factory - INFO - Fitting RandomForest (n_estimators=100, max_depth=15) with 316 samples
2026-04-25 15:24:56,393 - airpollution.models.factory - INFO - ✓ RandomForest fitted. R² (train): 0.9491
2026-04-25 15:24:56,402 - airpollution.models.factory - INFO - ✓ RandomForest saved to backend/artifacts/models/full_multi_city_temporal/random_forest/model.joblib
2026-04-25 15:24:56,402 - __main__ - INFO -     ✓ Saved to backend/artifacts/models/full_multi_city_temporal/random_forest/model.joblib
2026-04-25 15:24:56,417 - __main__ - INFO -     ✓ Feature importance saved
2026-04-25 15:24:56,417 - __main__ - INFO - 
  🤖 Training: xgboost
2026-04-25 15:24:56,417 - airpollution.models.factory - INFO - Creating xgboost with hyperparams: {'n_estimators': 200, 'max_depth': 7, 'learning_rate': 0.1, 'random_state': 42}
2026-04-25 15:24:56,417 - airpollution.models.factory - INFO - Fitting XGBoost (n_estimators=200, max_depth=7) with 316 samples
2026-04-25 15:24:56,684 - airpollution.models.factory - INFO - ✓ XGBoost fitted. R² (train): 1.0000
2026-04-25 15:24:56,687 - airpollution.models.factory - INFO - ✓ XGBoost saved to backend/artifacts/models/full_multi_city_temporal/xgboost/model.joblib
2026-04-25 15:24:56,687 - __main__ - INFO -     ✓ Saved to backend/artifacts/models/full_multi_city_temporal/xgboost/model.joblib
2026-04-25 15:24:56,688 - __main__ - INFO -     ✓ Feature importance saved
2026-04-25 15:24:56,688 - __main__ - INFO - 
  🤖 Training: lightgbm
2026-04-25 15:24:56,688 - airpollution.models.factory - INFO - Creating lightgbm with hyperparams: {'n_estimators': 200, 'max_depth': 7, 'learning_rate': 0.1, 'random_state': 42, 'num_leaves': 31}
2026-04-25 15:24:56,688 - airpollution.models.factory - INFO - Fitting LightGBM (n_estimators=200, num_leaves=31) with 316 samples
2026-04-25 15:24:56,884 - airpollution.models.factory - INFO - ✓ LightGBM fitted. R² (train): 0.9920
2026-04-25 15:24:56,886 - airpollution.models.factory - INFO - ✓ LightGBM saved to backend/artifacts/models/full_multi_city_temporal/lightgbm/model.joblib
2026-04-25 15:24:56,886 - __main__ - INFO -     ✓ Saved to backend/artifacts/models/full_multi_city_temporal/lightgbm/model.joblib
2026-04-25 15:24:56,886 - __main__ - INFO -     ✓ Feature importance saved
2026-04-25 15:24:56,886 - __main__ - INFO - 
  🤖 Training: neural_network
2026-04-25 15:24:56,887 - airpollution.models.factory - INFO - Creating neural_network with hyperparams: {'hidden_layers': [64, 32], 'dropout_rate': 0.3, 'epochs': 50, 'batch_size': 32, 'validation_split': 0.2, 'random_state': 42}
2026-04-25 15:24:56,887 - airpollution.models.factory - INFO - Fitting Neural Network (2 hidden layers) with 316 samples, 8 features
2026-04-25 15:24:58,547 - airpollution.models.factory - INFO - ✓ Neural Network fitted. Final training loss: 3565.6428
2026-04-25 15:24:58,547 - absl - WARNING - You are saving your model as an HDF5 file via `model.save()` or `keras.saving.save_model(model)`. This file format is considered legacy. We recommend using instead the native Keras format, e.g. `model.save('my_model.keras')` or `keras.saving.save_model(model, 'my_model.keras')`. 
2026-04-25 15:24:58,552 - airpollution.models.factory - INFO - ✓ Neural Network saved to backend/artifacts/models/full_multi_city_temporal/neural_network/model.h5 and metadata to backend/artifacts/models/full_multi_city_temporal/neural_network/model.joblib
2026-04-25 15:24:58,552 - __main__ - INFO -     ✓ Saved to backend/artifacts/models/full_multi_city_temporal/neural_network/model.joblib
2026-04-25 15:24:58,552 - airpollution.models.factory - WARNING - Neural Network feature importance computed via gradient-based approximation
2026-04-25 15:24:58,569 - __main__ - INFO -     ✓ Feature importance saved
2026-04-25 15:24:58,569 - __main__ - INFO - 
✓ Scenario complete: 5 models trained
2026-04-25 15:24:58,569 - __main__ - INFO - 
============================================================
2026-04-25 15:24:58,569 - __main__ - INFO - ✓ TRAINING PIPELINE COMPLETE
2026-04-25 15:24:58,569 - __main__ - INFO - ============================================================
2026-04-25 15:24:58,569 - __main__ - INFO - ✓ Successfully trained: 7 scenarios
2026-04-25 15:24:58,569 - __main__ - INFO - ✓ All training complete!
