{
  "rmse": 8.894571140239037,
  "mae": 6.896098756898058,
  "r2": 0.6871281426605438
}